강좌명,강좌내용,운영기관명,교육장도로명주소,홈페이지주소,수강료,시군명,구
[화성시민대학] AI로 만드는 나만의 그림책(봉담),AI그림책,경기도 화성시청 평생학습과,경기도 화성시 효행구 봉담읍 효행로 212,https://u-life.hscity.go.kr/edu/index.do,20000,화성시,효행구
[화성시민대학] 디자인부터 AI 콘텐츠 제작까지: 캔바활용지도사 자격증 과정(봉담),캔바활용지도사,경기도 화성시청 평생학습과,경기도 화성시 효행구 봉담읍 효행로 212,https://u-life.hscity.go.kr/edu/index.do,24000,화성시,효행구
[화성시민대학] Young Learners TESOL(국제영어교사: 어린이 테솔 과정)(봉담),어린이테솔과정,경기도 화성시청 평생학습과,경기도 화성시 효행구 봉담읍 효행로 212,https://u-life.hscity.go.kr/edu/index.do,90000,화성시,효행구
[화성시민대학] AI와 함께하는 슬기로운 자산관리(봉담),자산관리,경기도 화성시청 평생학습과,경기도 화성시 효행구 봉담읍 효행로 212,https://u-life.hscity.go.kr/edu/index.do,16000,화성시,효행구
[화성시민대학] 생성형 AI 융합지도사 자격증 과정(동탄),생성형AI융합지도사,경기도 화성시청 평생학습과,경기도 화성시 동탄구 10용사로 343-14,https://u-life.hscity.go.kr/edu/index.do,20000,화성시,동탄구
[화성시민대학] AI와 함께하는 슬기로운 자산관리(동탄),자산관리,경기도 화성시청 평생학습과,경기도 화성시 동탄구 10용사로 343-14,https://u-life.hscity.go.kr/edu/index.do,16000,화성시,동탄구
"[화성시민대학][시민학] 스마트 시민, 안전한 화성: 디지털안전교육 지도사 과정(동탄)",디지털안전교육,경기도 화성시청 평생학습과,경기도 화성시 동탄구 10용사로 343-14,https://u-life.hscity.go.kr/edu/index.do,0,화성시,동탄구
AI활용 심화과정,챗 GPT의 이해 강의,경기도 김포시청 교육청소년과,경기도 김포시 김포한강1로 242(운양동),https://gimpo.gseek.kr/,42000,김포시,김포시
(온라인)컴퓨터 중급(AI 활용),(온라인)컴퓨터 중급 강의,경기도 김포시청 교육청소년과,경기도 김포시 사우중로1,https://gimpo.gseek.kr/,0,김포시,김포시
디지털 스마트폰 활용(키오스크 활용),스마트폰 활용 등,경기도 김포시청 교육청소년과,경기도 김포시 김포한강1로 242(운양동),https://gimpo.gseek.kr/,42000,김포시,김포시
디지털드로잉,디지털드로잉 강의,경기도 김포시청 교육청소년과,경기도 김포시 김포한강1로 242(운양동),https://gimpo.gseek.kr/,42000,김포시,김포시
컴퓨터 왕초보+스마트폰 활용,"컴퓨터와 스마트폰, 이제 낯설고 어렵지 않아요 주민센터 정보화 교육에서 실생활에 유용한 기술을 배워보세요. 인터넷 검색, 동영상 시청, 사진과 메시지 관리, 다양한 앱 활용, Chat GPT까지 가족과 더 가까워지고, 일상을 더욱 편리하게 만드는 디지털 활용법을 알려드립니다. 초보자도 쉽게 따라올 수 있도록 차근차근 진행하며 자신감을 키워드립니다. 디지털 세상에 첫발을 내딛는 기쁨과 일상의 변화를 시작하세요",대원1동 행정복지센터,경기도 오산시 오산로132번길 28,https://osanedu.go.kr/app/app0101/selectBsnsView.do,60000,오산시,오산시
기초스마트폰 및 인공지능 AI활용법,기초부터 초보들에 눈높이에 딱 맞춰 수업을 진행하려고 합니다.,신장1동 행정복지센터,경기도 오산시 문헌공로 45,https://osanedu.go.kr/app/app0101/selectBsnsView.do,30000,오산시,오산시
"컴퓨터(초급) 인터넷, 스마트폰활용, 인공지능 AI활용",어른들을 위한  컴퓨터 및 스마트폰 활용 교육 입니다.,신장1동 행정복지센터,경기도 오산시 문헌공로 45,https://osanedu.go.kr/app/app0101/selectBsnsView.do,60000,오산시,오산시
"컴퓨터교실(엑셀,파워포인트)","프리젠테이션을 작성하고 편집할 수 있고, 엑셀을 이용하여 셀을 편집하고 함수를 활용하여 계산할 수 있는 과정입니다. 인공지능을 활용하여 프레젠테이션을 작성할 수 있습니다. 컴퓨터기초+중급과정으로 초보자도 신청할 수 있습니다.",남촌동 행정복지센터,경기도 오산시 청학로 55-5,https://osanedu.go.kr/app/app0101/selectBsnsView.do,60000,오산시,오산시
AI로 세계여행하기,AI로 세계여행하기 수업을 진행합니다.,경기도 동두천시 미래교육진흥원,"경기도 동두천시 중앙로 110-18(지행동, 평생학습관)",edu.ddc.go.kr,40000,동두천시,동두천시
AI로 만드는 나만의 음악,AI로 나만의 음악 만들기 수업을 진행합니다.,경기도 동두천시 미래교육진흥원,"경기도 동두천시 중앙로 110-18(지행동, 평생학습관)",edu.ddc.go.kr,40000,동두천시,동두천시
AI이용한 영상편집,영상제작 수업을 진행합니다.,경기도 동두천시 미래교육진흥원,"경기도 동두천시 중앙로 110-18(지행동, 평생학습관)",edu.ddc.go.kr,40000,동두천시,동두천시
AI 한글&엑셀,한글&엑셀 수업을 진행합니다.,경기도 동두천시 미래교육진흥원,"경기도 동두천시 중앙로 110-18(지행동, 평생학습관)",edu.ddc.go.kr,40000,동두천시,동두천시
AI활용 블로그&동영상제작,블로그&동영상제작 수업을 진행합니다.,경기도 동두천시 미래교육진흥원,"경기도 동두천시 중앙로 110-18(지행동, 평생학습관)",edu.ddc.go.kr,40000,동두천시,동두천시
디지털 드로잉,이비스페인트X 프로그램 활용법을 알고 나만의 디지털 드로잉 작품 만들기,위례평생학습관,경기도 성남시 수정구 위례동로 91,https://sugang.seongnam.go.kr/,15000,성남시,수정구
온라인 궁궐투어,조선시대 궁궐을 VR로 둘러보며 시대 이야기,위례평생학습관,경기도 성남시 수정구 위례동로 91,https://sugang.seongnam.go.kr/,10000,성남시,수정구
엔트리로 배우는 인공지능 원리,인공지능을 활용한 체험활동을 통해 인공지능 개념과 학습방법을 이해,위례평생학습관,경기도 성남시 수정구 위례동로 91,https://sugang.seongnam.go.kr/,15000,성남시,수정구
딜라이텍스로 만드는 나만의 메타버스,딜라이텍스를 활용해 자신만의 창의적인 메타버스 제작,위례평생학습관,경기도 성남시 수정구 위례동로 91,https://sugang.seongnam.go.kr/,15000,성남시,수정구
AI활용과 디자인 플랫폼,AI를 디자인 플랫폼과 결합하여 업무와 일상에서 적용해보기,성남시 평생학습관,경기도 성남시 분당구 판교로 546,https://sugang.seongnam.go.kr/,30000,성남시,분당구
AI디지털 생활,"건강, 돈, 추억, 계획 AI로 쉽게 정리하기",성남시 평생학습관,경기도 성남시 분당구 판교로 546,https://sugang.seongnam.go.kr/,30000,성남시,분당구
디지털드로잉,디지털 드로잉 기법을 통해 나만의 굿즈 만들기,성남시 평생학습관,경기도 성남시 분당구 판교로 546,https://sugang.seongnam.go.kr/,30000,성남시,분당구
(2025년도 하반기 평생교육) 슬기로운 디지털 생활,디지털 리터러시,경기도교육청의정부도서관,경기도 의정부시 체육로 265-25,https://lib.goe.go.kr/ujb/index.do,0,의정부시,의정부시
AI리터러시,인공지능의 개념과 역사에 대해 배워보기,경기도 여주시청,경기도 여주시 신륵사길 6-6,https://yeoju.gseek.kr/user/main,40000,여주시,여주시
[비대면]컨텐츠디자인(with 캔바),텍스트 디자인부터 ai 생성 이미지를 활용한 디자인,경기도 여주시청,경기도 여주시 신륵사길 6-6,https://yeoju.gseek.kr/user/main,40000,여주시,여주시
[옥정]대화형 인공지능 Chat GPT,직업/자격증,양주시 평생학습관,"경기도 양주시 옥정동로7길 110 옥정동, 옥정호수도서관 지하",https://www.gseek.kr,0,양주시,양주시
[옥정]픽슬러 & 미리캔버스 사진편집과 Vrew 영상제작,직업/자격증,양주시 평생학습관,"경기도 양주시 옥정동로7길 110 옥정동, 옥정호수도서관 지하",https://www.yangju.go.kr/lll/index.do,30000,양주시,양주시
[옥정]픽슬러 & 미리캔버스 사진편집과 Vrew 영상제작,직업/자격증,양주시 평생학습관,"경기도 양주시 옥정동로7길 110 옥정동, 옥정호수도서관 지하",https://www.yangju.go.kr/lll/index.do,30000,양주시,양주시
[옥정]유초등코딩지도사 양성과정,직업/자격증,양주시 평생학습관,"경기도 양주시 옥정동로7길 110 옥정동, 옥정호수도서관 지하",https://www.yangju.go.kr/lll/index.do,30000,양주시,양주시
[덕계]파이썬과 데이터 분석,직업/자격증,양주시 평생학습관,"경기도 양주시 평화로1475번길 39, (덕계동) 회천2동 행정복지센터 5층",https://www.gseek.kr,0,양주시,양주시
[옥정]대화형 인공지능 Chat GPT,직업/자격증,양주시 평생학습관,"경기도 양주시 옥정동로7길 110 옥정동, 옥정호수도서관 지하",https://www.gseek.kr,0,양주시,양주시
[덕계]파이썬과 데이터 분석,직업/자격증,양주시 평생학습관,"경기도 양주시 평화로1475번길 39, (덕계동) 회천2동 행정복지센터 5층",https://www.gseek.kr,0,양주시,양주시
chatGPT & AI 활용(중급반),ChatGPT를 중심으로 생성형 AI의 개념과 실생활 및 업무 활용 중심,경기도 광주시청,경기도 광주시 광주대로116,https://gjedu.gseek.kr/user/course/offline/list,20000,광주시,광주시
chatGPT & AI 활용(기초반),챗GPT는 물론 인공지능에 쉽고 빠르게 입문할 수 있도록 지도,경기도 광주시청,경기도 광주시 광주대로116,https://gjedu.gseek.kr/user/course/offline/list,20000,광주시,광주시
영상으로 처음 만나는 AI,AI영상 제작을 해보는 입문반,경기도 광주시청,경기도 광주시 광주대로116,https://gjedu.gseek.kr/user/course/offline/list,20000,광주시,광주시
캔바로 AI와 친해지기,AI를 처음 접하는 분도 쉽게 따라하는 디지털 입문 과정,경기도 광주시청,경기도 광주시 광주대로116,https://gjedu.gseek.kr/user/course/offline/list,20000,광주시,광주시
디지털 디자인 첫걸음 캔바 기초 활용,디자인 경험이 없는 성인도 쉽게 따라할 수 있도록 구성된 캔바(Canva) 입문 과정,경기도 광주시청,경기도 광주시 광주대로116,https://gjedu.gseek.kr/user/course/offline/list,30000,광주시,광주시
디지털 그림 그리기(왕기초반)-나만의 캐릭터 그리기,디지털 그림 그리기 툴 클립스튜디오의 기초,경기도 광주시청,경기도 광주시 광주대로116,https://gjedu.gseek.kr/user/course/offline/list,30000,광주시,광주시
나만의 이모티콘 & AI 애니메이션,"클립스튜디오로 나만의 캐릭터를 만들고, 그 캐릭터를 활용해 이모티콘과 짧은 애니메이션까지 완성해보는 실습 중심 수업",경기도 광주시청,경기도 광주시 광주대로116,https://gjedu.gseek.kr/user/course/offline/list,20000,광주시,광주시
나만의 디지털 굿즈만들기,"다양한  캐릭터를 직접 만들어보고, 그 캐릭터로 다양한 디지털 굿즈를 제작하는 수업",경기도 광주시청,경기도 광주시 광주대로116,https://gjedu.gseek.kr/user/course/offline/list,20000,광주시,광주시
주말 chatGPT & AI 활용(중급반),ChatGPT를 중심으로 생성형 AI의 개념과 실생활 및 업무 활용 중심,경기도 광주시청,경기도 광주시 광주대로116,https://gjedu.gseek.kr/user/course/offline/list,20000,광주시,광주시
영화로 살펴보는 인공지능 인문학,"기술을 둘러싼 역사적 맥락과 윤리적 문제, 그리고 문화적 의미를 함께 다룹니다.",경기도 광주시청,경기도 광주시 광주대로116,https://gjedu.gseek.kr/user/course/offline/list,20000,광주시,광주시
AI를 활용한 사주 타로 운세 보기,AI를 활용하여 손쉽게 사주와 타로를 볼 수 있는 능력 개발,경기도 광주시청,경기도 광주시 광주대로116,https://gjedu.gseek.kr/user/course/offline/list,20000,광주시,광주시
(AI 기반) 스마트폰으로 사진 편집,AI 기반 스마트폰카메라 편집 기술로 완성하는 인생샷,경기도 광주시청,경기도 광주시 광주대로116,https://gjedu.gseek.kr/user/course/offline/list,20000,광주시,광주시
일러스트레이터(AI와 함께하는 굿즈),팝아트 일러스트+캐릭터 및 명함 그리기+이모티콘 디자인 등,경기도 파주시청,경기도 파주시 금정3길 40,https://lll.paju.go.kr,70000,파주시,파주시
생성형 AI활용 교육(노트북 지참),"AI의 개념을 이해하고, 직접 사용하며 결과물 만들기",기흥평생학습관,경기도 용인시 기흥구 신갈로138번길 23,https://lll.yongin.go.kr/giheung/index.do,30000,용인시,기흥구
디지털 사진 완전 정복,"사진의 기본 원리 및 촬영, 보정을 배우는 과정",용인시 평생학습관,경기도 용인시 수지구 문정로 7번길 15,http://lll.yongin.go.kr,30000,용인시,수지구
나도 작가 디지털 드로잉,디지털로 일러스트 배우는 과정,용인시 평생학습관,경기도 용인시 수지구 문정로 7번길 15,http://lll.yongin.go.kr,30000,용인시,수지구
AI도구를 활용한 크리에이터 되기(야간),ai앱 활용 및 영상 제작,용인시 평생학습관,경기도 용인시 수지구 문정로 7번길 15,http://lll.yongin.go.kr,30000,용인시,수지구
챗 GPT 첫 입문(야간),챗gpt 기초 입문 교육,용인시 평생학습관,경기도 용인시 수지구 문정로 7번길 15,http://lll.yongin.go.kr,20000,용인시,수지구
(야간)차근차근 드론(Drone)입문,드론을 활용한 취미생활 및 드론 4종 수료증 취득과정,경기도 구리시,경기도 구리시 체육관로 74,https://www.guri.go.kr/lll/index.do,36000,구리시,구리시
챗GPT와 AI활용,"일상과 업무에 바로 적용 가능한 Chat GPT 활용법을 익혀, 누구나 손쉽게 디지털 도구를 활용 할 수 있도록 한다.",경기도 안양시 만안평생학습센터,경기도 안양시 만안구 냉천로 39,learning.anyang.go.kr/MW,60000,안양시,만안구
사진촬영 취미반,"DSLR, 스마트폰(안드로이드), 미러리스 등 디지털 카메라 촬영 현장학습 (필름카메라는 제외)",경기도 안양시 동안평생학습센터,경기도 안양시 동안구 동안로 153,learning.anyang.go.kr/DW,60000,안양시,동안구
디지털카메라활용(초급),사진의 이해와 카메라 구조 및 개념을 습득,경기도 안양시 동안평생학습센터,경기도 안양시 동안구 동안로 153,learning.anyang.go.kr/DW,60000,안양시,동안구
디지털카메라활용(중급),사진의 이해와 카메라 구조 및 개념을 습득,경기도 안양시 동안평생학습센터,경기도 안양시 동안구 동안로 153,learning.anyang.go.kr/DW,60000,안양시,동안구
댄스스포츠 (중급),댄스스포츠의 기본동작을 바탕으로 다양한 Variations Routine을 익힌다. 종목에 맞는 리듬을 표현할 수 있다.,경기도 안양시 만안평생학습센터,경기도 안양시 만안구 냉천로 39,learning.anyang.go.kr/MW,60000,안양시,만안구
AI와 함께하는 스마트한 세상,"간단한 AI 도구를 직접 체험하며, 디지털 활용 능력을 향상시킵니다.",경기도 안양시 만안평생학습센터,경기도 안양시 만안구 냉천로 39,learning.anyang.go.kr/MW,60000,안양시,만안구
AI활용과 영상제작,스마트폰의 활용도를 높여주고 이를 기반으로 영상 제작의 방법을 익힌다,경기도 안양시 만안평생학습센터,경기도 안양시 만안구 냉천로 39,learning.anyang.go.kr/MW,60000,안양시,만안구
[독서토론]먼저 온 미래-AI 이후의 세계를 경험한 사람들,독서하고 같이 정보 공유하기,경기도 수원시평생학습관,경기도 수원시 팔달구 월드컵로 318번길 2,http://learning.suwon.go.kr,0,수원시,팔달구
[조영호 명예교수] AI와 함께하는 시니어 행복멘탈코칭,시니어 행복멘탈코칭에 대해 알아보기,경기도 수원시평생학습관,경기도 수원시 팔달구 월드컵로 318번길 2,http://learning.suwon.go.kr,0,수원시,팔달구
"기술은 우리를 구원하지 않는다 : 인공지능, 인간, 사회",영화로 읽는 기술철학 강의,경기도 수원시평생학습관,경기도 수원시 팔달구 월드컵로 318번길 2,http://learning.suwon.go.kr,0,수원시,팔달구
[언제든학교]사계절 마음 산책-AI와 함께 마음을 노래하는 글쓰기,AI를 활용하여 글쓰기,경기도 수원시평생학습관,경기도 수원시 팔달구 월드컵로 318번길 2,http://learning.suwon.go.kr,0,수원시,팔달구
신한카드와 함께하는 시니어 안심 디지털 금융 실전과정(25년 4분기),시니어대상 디지털 금융교육,경기도 수원시평생학습관,경기도 수원시 팔달구 월드컵로 318번길 2,http://learning.suwon.go.kr,0,수원시,팔달구
[수원시평생학습축제] AI와 함께하는 내 안의 행복찾기 멘탈코칭,AI를 활용하여 멘탈코칭 하기,경기도 수원시평생학습관,경기도 수원시 팔달구 월드컵로 318번길 2,http://learning.suwon.go.kr,0,수원시,팔달구
"[수원시평생학습축제] 첨단 로봇 전시 및 자율주행, 드론VR 시뮬레이션 조종 체험",로봇과 드론 일일체험,경기도 수원시평생학습관,경기도 수원시 팔달구 월드컵로 318번길 2,http://learning.suwon.go.kr,0,수원시,팔달구
[2026년 연기]인공지능 시대 공부의 딜레마,"AI의 주인이 될 것인가, 더불어 성장의 주인공이 될 것인가? 알아보기",경기도 수원시평생학습관,경기도 수원시 팔달구 월드컵로 318번길 2,http://learning.suwon.go.kr,0,수원시,팔달구
"AI와 기후의 미래 - 디지털 과잉 함정에 빠진 한국, 더 위험해진 기후",우리 사회가 새롭게 직면한 거대한 딜레마와 관련해 세계 각국의 동향을 살펴보면서 우리나라의 현재와 나아갈 방향을 모색,경기도 수원시평생학습관,경기도 수원시 팔달구 월드컵로 318번길 2,http://learning.suwon.go.kr,0,수원시,팔달구
"인공지능과 읽기 쓰기의 변화, 그리고 나의 리터러시 생태계 가꾸기",급속한 변화 속에서 가치있는 읽기 쓰기를 실천하기 위해 자신의 리터러시 생태계를 어떻게 가꾸어야 할지 살펴보기,경기도 수원시평생학습관,경기도 수원시 팔달구 월드컵로 318번길 2,http://learning.suwon.go.kr,0,수원시,팔달구
"낙인과 혐오를 넘어 감염을 새롭게 보기 : HIV, 감염 그리고 질병과 함께 미래 짓기",낙인이 공고하게 찍혀온 HIV/AIDS를 바탕 삼아 이 같은 문제들을 다시 돌아보기,경기도 수원시평생학습관,경기도 수원시 팔달구 월드컵로 318번길 2,http://learning.suwon.go.kr,0,수원시,팔달구
"인공지능과 노동 : AI가 대체하는, 대체 못하는 노동","AI 시대 인간 노동의 미래를 함께 탐색하고,인류학자로서 목격한 현장의 목소리를 바탕으로 공감과 창의의 힘을 통해존엄한 노동의 가치를 지켜나갈 방안을 모색",경기도 수원시평생학습관,경기도 수원시 팔달구 월드컵로 318번길 2,http://learning.suwon.go.kr,0,수원시,팔달구
AI블루: 사람들은 어떤 마음으로 AI를 경험하는가,AI에 밀릴 것 같은 위기감에 대해 살펴보고 길을 함께 모색해 보는 시간,경기도 수원시평생학습관,경기도 수원시 팔달구 월드컵로 318번길 2,http://learning.suwon.go.kr,0,수원시,팔달구
AI시대 노동의 지각 변동 : 감정 노동을 중심으로,인공지능 활용수업,경기도 수원시평생학습관,경기도 수원시 팔달구 월드컵로 318번길 2(우만동 582),http://learning.suwon.go.kr,0,수원시,팔달구
[12월 11일] 지능로봇리빙랩 로봇&드론 일일체험,로봇과 드론 일일체험,경기도 수원시평생학습관,경기도 수원시 팔달구 월드컵로 318번길 2(우만동 582),http://learning.suwon.go.kr,0,수원시,팔달구
디지털문해 강사 역량강화 교육과 워크숍,디지털문해 강사 역량강화,경기도 수원시평생학습관,경기도 수원시 팔달구 월드컵로 318번길 2(우만동 582),http://learning.suwon.go.kr,0,수원시,팔달구
[11월 27일] 지능로봇리빙랩 로봇&드론 일일체험,로봇과 드론 일일체험,경기도 수원시평생학습관,경기도 수원시 팔달구 월드컵로 318번길 2(우만동 582),http://learning.suwon.go.kr,0,수원시,팔달구
[11월 20일] 지능로봇리빙랩 로봇&드론 일일체험,로봇과 드론 일일체험,경기도 수원시평생학습관,경기도 수원시 팔달구 월드컵로 318번길 2(우만동 582),http://learning.suwon.go.kr,0,수원시,팔달구
드론 입문자를 위한 기초 이론 교육,드론 기초 이론교육,경기도 수원시평생학습관,경기도 수원시 팔달구 월드컵로 318번길 2(우만동 582),http://learning.suwon.go.kr,0,수원시,팔달구
CARLA 시뮬레이터를 이용한 자율주행 실습,소프트웨어를 이용한 자율주행 실습,경기도 수원시평생학습관,경기도 수원시 팔달구 월드컵로 318번길 2(우만동 582),http://learning.suwon.go.kr,0,수원시,팔달구
AI 제대로 일시키는 프롬프트 엔지니어 전문과정,인공지능 활용수업,경기도 수원시평생학습관,경기도 수원시 팔달구 월드컵로 318번길 2(우만동 582),http://learning.suwon.go.kr,30000,수원시,팔달구
[9월 5일] 지능로봇리빙랩 로봇&드론 일일체험,로봇과 드론 일일체험,경기도 수원시평생학습관,경기도 수원시 팔달구 월드컵로 318번길 2,http://learning.suwon.go.kr,0,수원시,팔달구
[조영호 명예교수 특강] AI와 함께하는 시니어 행복멘탈코칭,AI를 활용하여 건강한 정신 만들기,경기도 수원시평생학습관,경기도 수원시 팔달구 월드컵로 318번길 2,http://learning.suwon.go.kr,0,수원시,팔달구
아두이노를 활용한 드론 기초 코딩 [성균관대학교],아두이노 강좌,경기도 수원시평생학습관,경기도 수원시 팔달구 월드컵로 318번길 2(우만동 582),http://learning.suwon.go.kr,0,수원시,팔달구
유용한 스마트폰 어플 사용법,디지털미디어,경기도 수원시평생학습관,경기도 수원시 팔달구 월드컵로 318번길 2(우만동 582),http://learning.suwon.go.kr,20000,수원시,팔달구
파워포인트 마스터 미리캔버스 활용,디지털미디어,경기도 수원시평생학습관,경기도 수원시 팔달구 월드컵로 318번길 2(우만동 582),http://learning.suwon.go.kr,30000,수원시,팔달구
[성인반 특강] AI 앱 제작과 모듈형 로봇 원격제어 교육,AI 앱 제작과 모듈형 로봇 원격제어 교육,경기도 수원시평생학습관,경기도 수원시 팔달구 월드컵로 318번길 2,http://learning.suwon.go.kr,0,수원시,팔달구
[청소년 여름방학 특강] AI 앱 제작과 모듈형 로봇 원격제어 교육,AI 앱 제작과 모듈형 로봇 원격제어 교육,경기도 수원시평생학습관,경기도 수원시 팔달구 월드컵로 318번길 2,http://learning.suwon.go.kr,0,수원시,팔달구
[7월 25일] 지능로봇리빙랩 로봇&드론 일일체험,로봇과 드론 일일체험,경기도 수원시평생학습관,경기도 수원시 팔달구 월드컵로 318번길 2,http://learning.suwon.go.kr,0,수원시,팔달구
AI를 활용한 나만의 전자책 만들기(25년3분기),ai를 활용하여 전자책을 만드는 방법알아보기,경기도 수원시평생학습관,경기도 수원시 팔달구 월드컵로 318번길 2(우만동 582),http://learning.suwon.go.kr,20000,수원시,팔달구
"AI 기술 활용, 리뷰형 숏폼 크리에이터 도전(25년3분기)",유튜브 숏폼 중 사용후기에 대한 숏폼 만드는 방법,경기도 수원시평생학습관,경기도 수원시 팔달구 월드컵로 318번길 2(우만동 582),http://learning.suwon.go.kr,30000,수원시,팔달구
[8월 22일] 지능로봇리빙랩 로봇&드론 일일체험,로봇과 드론 일일체험,경기도 수원시평생학습관,경기도 수원시 팔달구 월드컵로 318번길 2,http://learning.suwon.go.kr,0,수원시,팔달구
[8월 8일] 지능로봇리빙랩 로봇&드론 일일체험,로봇과 드론 일일체험,경기도 수원시평생학습관,경기도 수원시 팔달구 월드컵로 318번길 2,http://learning.suwon.go.kr,0,수원시,팔달구
블로그 성장의 기술-AI글쓰기&디자인 실전(25년3분기),AI를 활용한 블로그 개설 및 편집교육,경기도 수원시평생학습관,경기도 수원시 팔달구 월드컵로 318번길 2,http://learning.suwon.go.kr,20000,수원시,팔달구
[성균관대학교] 로봇 과정 캘리브레이션 실습 교육,로봇 과정 캘리브레이션 실습 교육,경기도 수원시평생학습관,경기도 수원시 팔달구 월드컵로 318번길 2,http://learning.suwon.go.kr,20000,수원시,팔달구
[9월 19일] 지능로봇리빙랩 로봇&드론 일일체험,로봇과 드론 일일체험,경기도 수원시평생학습관,경기도 수원시 팔달구 월드컵로 318번길 2,http://learning.suwon.go.kr,0,수원시,팔달구
AI 기본개념과 프롬프트 엔지니어링 사용 기초,생활문화,경기도 수원시평생학습관,경기도 수원시 팔달구 월드컵로 318번길 2(우만동 582),http://learning.suwon.go.kr,0,수원시,팔달구
자율주행 LiDAR 인지 솔루션과 센서 융합 기술의 이해,자율주행,경기도 수원시평생학습관,경기도 수원시 팔달구 월드컵로 318번길 2(우만동 582),http://learning.suwon.go.kr,0,수원시,팔달구
모두의 AI(인공지능) 피지컬 컴퓨팅,모두의 AI(인공지능) 피지컬 컴퓨팅,경기도 수원시평생학습관,경기도 수원시 팔달구 월드컵로 318번길 2(우만동 582),http://learning.suwon.go.kr,0,수원시,팔달구
인공지능은 나의 읽기-쓰기를 어떻게 바꿀까,글쓰기,경기도 수원시평생학습관,경기도 수원시 팔달구 월드컵로 318번길 2(우만동 582),http://learning.suwon.go.kr,0,수원시,팔달구
[11월 6일- 오후반] 지능로봇리빙랩 로봇&드론 일일체험,로봇과 드론 일일체험,경기도 수원시평생학습관,경기도 수원시 팔달구 월드컵로 318번길 2(우만동 582),http://learning.suwon.go.kr,0,수원시,팔달구
[초등학생] 로봇과 AI를 활용한 S/W 제작 및 원격 조종 실습 과정,코딩과 로봇을 활용한 원격조종실습과정(학생편),경기도 수원시평생학습관,경기도 수원시 팔달구 월드컵로 318번길 2(우만동 582),http://learning.suwon.go.kr,0,수원시,팔달구
[성인반] 로봇과 AI를 활용한 원격 로봇 코딩 입문 교육,코딩과 로봇을 활용한 원격조종실습과정(성인편),경기도 수원시평생학습관,경기도 수원시 팔달구 월드컵로 318번길 2(우만동 582),http://learning.suwon.go.kr,0,수원시,팔달구
나도 AI 크리에이터,인공지능 활용수업,경기도 수원시평생학습관,경기도 수원시 팔달구 월드컵로 318번길 2(우만동 582),http://learning.suwon.go.kr,20000,수원시,팔달구
AI 활용 중급 과정-오피스 시간 절약 도전 하기,인공지능 활용수업,경기도 수원시평생학습관,경기도 수원시 팔달구 월드컵로 318번길 2(우만동 582),http://learning.suwon.go.kr,20000,수원시,팔달구
생성 AI 활용 영화제작 전문가 과정,생성 AI 활용 영화제작 전문가 과정,경기도 수원시평생학습관,경기도 수원시 팔달구 월드컵로 318번길 2(우만동 582),http://learning.suwon.go.kr,30000,수원시,팔달구
로봇을 위한 인공지능 입문 교육 [성균관대학교],로봇을 위한 인공지능 입문 교육 [성균관대학교],경기도 수원시평생학습관,경기도 수원시 팔달구 월드컵로 318번길 2(우만동 582),http://learning.suwon.go.kr,0,수원시,팔달구
AI로 만드는 나만의 그림책,AI로 만드는 나만의 그림책,경기도 수원시평생학습관,경기도 수원시 팔달구 월드컵로 318번길 2(우만동 582),http://learning.suwon.go.kr,20000,수원시,팔달구
겉도는 읽기 헛도는 쓰기를 읽다 : 삶의 통제력을 위한 독서,읽는 역량은 어떻게 삶에 대한 통제력을 갖게 하는가. 점점 삶에 대한 통제력이 디지털 매체로 넘어가는 시대에 삶을 다스릴 수 있는 역량을 위한 독서를 제안하는 책들을 함께 읽으며 삶읽기에 닿는 글읽기를 시도해 본다.,경기도 수원시평생학습관,경기도 수원시 팔달구 월드컵로 318번길 2(우만동 582),http://learning.suwon.go.kr,0,수원시,팔달구
[조영호교수 특강] AI와 함께하는 시니어 행복멘탈코칭,인생후반기 설계하기,경기도 수원시평생학습관,경기도 수원시 팔달구 월드컵로 318번길 2(우만동 582),http://learning.suwon.go.kr,0,수원시,팔달구
"시니어 정보문해 교육 (스마트폰, AI, 피싱예방)",스마트폰 피싱예방 교육,경기도 수원시평생학습관,경기도 수원시 팔달구 월드컵로 318번길 2(우만동 582),http://learning.suwon.go.kr,0,수원시,팔달구
[특별기획 프로그램] 시민 교양2 일과 노동,"오늘을 살아가는 시민으로서 알아야 할 지식과 교양. 디지털 자본주의, 노동권, 좋은 일자리, 노동자, 노동조합, 일할 권리, 불안정 노동 등에 대해 알아 봅니다.",경기도 수원시평생학습관,경기도 수원시 팔달구 월드컵로 318번길 2(우만동 582),http://learning.suwon.go.kr,0,수원시,팔달구
[7월 11일] 지능로봇리빙랩 로봇&드론 일일체험,협동로봇 및 VR드론 체험,경기도 수원시평생학습관,경기도 수원시 팔달구 월드컵로 318번길 2(우만동 582),http://learning.suwon.go.kr,0,수원시,팔달구
[언제든학교]나를 만나고 쓰는 시간 AI와 함께 만드는 사계절 자서전,ai와 사계절을 활용한 자서전 쓰기,경기도 수원시평생학습관,경기도 수원시 팔달구 월드컵로 318번길 2(우만동 582),http://learning.suwon.go.kr,0,수원시,팔달구
[11월 13일] 지능로봇리빙랩 로봇&드론 일일체험,로봇과 드론 일일체험,경기도 수원시평생학습관,경기도 수원시 팔달구 월드컵로 318번길 2(우만동 582),http://learning.suwon.go.kr,0,수원시,팔달구
생성형 AI 오피스 자동화 활용(중급)(25년3분기),ai를 활용한 오피스 수업,경기도 수원시평생학습관,경기도 수원시 팔달구 월드컵로 318번길 2(우만동 582),http://learning.suwon.go.kr,30000,수원시,팔달구
신한카드와 함께하는 시니어 안심 디지털 금융 한걸음(중급)(25년3분기),시니어 디지털 금융 수업,경기도 수원시평생학습관,경기도 수원시 팔달구 월드컵로 318번길 2(우만동 582),http://learning.suwon.go.kr,0,수원시,팔달구
AI로 완성하는 멀티미디어 블로그 마스터(25년 4분기),AI를 활용한 블로그 개설 및 편집교육,경기도 수원시평생학습관,경기도 수원시 팔달구 월드컵로 318번길 2,http://learning.suwon.go.kr,20000,수원시,팔달구
인공지능과 함께 살아가기,인공지능과 함께 살아가기,경기도 수원시평생학습관,경기도 수원시 팔달구 월드컵로 318번길 2,http://learning.suwon.go.kr,0,수원시,팔달구
생성형 AI 활용 개인 이미지 메이킹과 퍼스널 브랜딩(25년 4분기),"AI를 활용하여 이력서, 자기소개서 작성법 등 알아보기",경기도 수원시평생학습관,경기도 수원시 팔달구 월드컵로 318번길 2,http://learning.suwon.go.kr,30000,수원시,팔달구
"로봇 기술 진화의 발자취 : 로봇기술의 발전과 활용, AI 동반 성장의 이야기","로봇기술의 발전과 활용, AI 동반 성장의 이야기",경기도 수원시평생학습관,경기도 수원시 팔달구 월드컵로 318번길 2,http://learning.suwon.go.kr,0,수원시,팔달구
AI와 내 전자책으로 SNS 전문가 되기(25년 4분기),AI를 활용하여 나의 글쓰기 홍보하기,경기도 수원시평생학습관,경기도 수원시 팔달구 월드컵로 318번길 2,http://learning.suwon.go.kr,20000,수원시,팔달구
"무지한스승의만남 ? 과학과 친해지기: AI, 로봇, 인간, 미래","강사 없이,?시민들이 배우고자 하는 주제에 대해 모여서 함께 관련 영상을 보거나 이야기를 나누며 공부하는 자발적 학습모임",경기도 수원시평생학습관,경기도 수원시 팔달구 월드컵로 318번길 2,http://learning.suwon.go.kr,0,수원시,팔달구
행복한 부모+ 행복한 자녀,디지털미디어,경기도 수원시글로벌평생학습관,경기도 수원시 팔달구 월드컵로 318번길 2(우만동 582),http://learning.suwon.go.kr,0,수원시,팔달구
나도 쇼호스트 휴대폰 한 대로 시작하는 라이브 커머스,디지털미디어,경기도 수원시글로벌평생학습관,경기도 수원시 팔달구 월드컵로 318번길 2(우만동 582),http://learning.suwon.go.kr,20000,수원시,팔달구
디지털 문해교육,디지털 문해교육,경기도 수원시글로벌평생학습관,경기도 수원시 팔달구 월드컵로 318번길 2(우만동 582),http://learning.suwon.go.kr,0,수원시,팔달구
[역량강화2]디지털콘텐츠 공방-미리캔버스,인문,경기도 수원시평생학습관,경기도 수원시 팔달구 월드컵로 318번길 2(우만동 582),http://learning.suwon.go.kr,0,수원시,팔달구
AI시대 우리가 읽고 쓰는 이유,인문,경기도 수원시평생학습관,경기도 수원시 팔달구 월드컵로 318번길 2(우만동 582),http://learning.suwon.go.kr,0,수원시,팔달구
스마트폰활용 영상제작교육(전체공직자대상),디지털미디어,경기도 수원시글로벌평생학습관,경기도 수원시 팔달구 월드컵로 318번길 2(우만동 582),http://learning.suwon.go.kr,0,수원시,팔달구
스마트폰활용 영상제작교육(시민협력국대상),디지털미디어,경기도 수원시글로벌평생학습관,경기도 수원시 팔달구 월드컵로 318번길 2(우만동 582),http://learning.suwon.go.kr,0,수원시,팔달구
수원시민을 위한 학부모 멘탈코칭,디지털미디어,경기도 수원시글로벌평생학습관,경기도 수원시 팔달구 월드컵로 318번길 2(우만동 582),http://learning.suwon.go.kr,0,수원시,팔달구
CARLA 시뮬레이터를 이용한 자율주행 실습,소프트웨어를 이용한 자율주행 실습,경기도 수원시글로벌평생학습관,경기도 수원시 팔달구 월드컵로 318번길 2(우만동 582),http://learning.suwon.go.kr,20000,수원시,팔달구
로봇기구학 체험교육,로봇의 기능과 구조,경기도 수원시글로벌평생학습관,경기도 수원시 팔달구 월드컵로 318번길 2(우만동 582),http://learning.suwon.go.kr,30000,수원시,팔달구
드론입문자를 위한 기초 이론 교육,드론 기초 이론교육,경기도 수원시글로벌평생학습관,경기도 수원시 팔달구 월드컵로 318번길 2(우만동 582),http://learning.suwon.go.kr,20000,수원시,팔달구
한글문서작성과 엑셀실무,디지털미디어,경기도 수원시글로벌평생학습관,경기도 수원시 팔달구 월드컵로 318번길 2(우만동 582),http://learning.suwon.go.kr,40000,수원시,팔달구
일잘러가 되는 챗GPT 오피스 활용,디지털미디어,경기도 수원시글로벌평생학습관,경기도 수원시 팔달구 월드컵로 318번길 2(우만동 582),http://learning.suwon.go.kr,20000,수원시,팔달구
챗GPT를 활용한 AI제작,디지털미디어,경기도 수원시글로벌평생학습관,경기도 수원시 팔달구 월드컵로 318번길 2(우만동 582),http://learning.suwon.go.kr,20000,수원시,팔달구
스마트하게 나도 유튜버,디지털미디어,경기도 수원시글로벌평생학습관,경기도 수원시 팔달구 월드컵로 318번길 2(우만동 582),http://learning.suwon.go.kr,30000,수원시,팔달구
로봇을 활용한 원격로봇 코딩강사 기초교육,로봇과 코딩을 활용한 원격로봇제어실습(성인편),경기도 수원시글로벌평생학습관,경기도 수원시 팔달구 월드컵로 318번길 2(우만동 582),http://learning.suwon.go.kr,30000,수원시,팔달구
로봇으로 배우는 원격 로봇 제어 실습과정,로봇과 코딩을 활용한 원격로봇제어실습(청소년편),경기도 수원시글로벌평생학습관,경기도 수원시 팔달구 월드컵로 318번길 2(우만동 582),http://learning.suwon.go.kr,30000,수원시,팔달구
한번에 따는 ITQ엑셀 자격증,디지털미디어,경기도 수원시글로벌평생학습관,경기도 수원시 팔달구 월드컵로 318번길 2(우만동 582),http://learning.suwon.go.kr,40000,수원시,팔달구
음악으로 떠나는 세계여행,디지털미디어,경기도 수원시글로벌평생학습관,경기도 수원시 팔달구 월드컵로 318번길 2(우만동 582),http://learning.suwon.go.kr,20000,수원시,팔달구
내손으로 만드는 새빛 팟캐스트,디지털미디어,경기도 수원시글로벌평생학습관,경기도 수원시 팔달구 월드컵로 318번길 2(우만동 582),http://learning.suwon.go.kr,20000,수원시,팔달구
인공지능(AI)와 삶,인문,경기도 수원시평생학습관,경기도 수원시 팔달구 월드컵로 318번길 2(우만동 582),http://learning.suwon.go.kr,0,수원시,팔달구
디지털 기술은 어떻게 격차를 만드는가?,인문,경기도 수원시평생학습관,경기도 수원시 팔달구 월드컵로 318번길 2(우만동 582),http://learning.suwon.go.kr,0,수원시,팔달구
디지털 윤리 강사양성과정 (배치 및 IEQ지도사 자격연계),학교교육,경기도 광명시평생학습원,경기도 광명시 철망산로2,https://sugang.gm.go.kr/ilms/learning/learningDetail.do?lng_id=LEARNING_00087636,50000,광명시,광명시
"[광명지식상점][겨울특강1차] AI시대, 성공하는 사람의 시크릿 성공 레시피",기타 시민성소양 관련 프로그램,광명시 광명시평생학습원,경기도 광명시 철망산로2,https://sugang.gm.go.kr/ilms/learning/learningDetail.do?lng_id=LEARNING_00089363,0,광명시,광명시
건강한 시민으로 살아가기 위한[시민교육 특강] 기후를 위한 AI,민주주의 교육,광명시 광명시평생학습원,경기도 광명시 철망산로2,https://sugang.gm.go.kr/ilms/learning/learningDetail.do?lng_id=LEARNING_00089338,0,광명시,광명시
"[4반_11/27]두근두근 첫 비행, 드론 조종 체험(초보)",기타,경기도 광명시 인생플러스센터,경기도 광명시 철망산로2,https://sugang.gm.go.kr/ilms/learning/learningDetail.do?lng_id=LEARNING_00089302,0,광명시,광명시
"[3반_11/26]두근두근 첫 비행, 드론 조종 체험(초보)",기타,경기도 광명시 인생플러스센터,경기도 광명시 철망산로2,https://sugang.gm.go.kr/ilms/learning/learningDetail.do?lng_id=LEARNING_00089312,0,광명시,광명시
"[2반_11/13]두근두근 첫 비행, 드론 조종 체험(초보)",기타,경기도 광명시 인생플러스센터,경기도 광명시 철망산로2,https://sugang.gm.go.kr/ilms/learning/learningDetail.do?lng_id=LEARNING_00089292,0,광명시,광명시
"[1반_11/12]두근두근 첫 비행, 드론 조종 체험(초보)",기타,경기도 광명시 인생플러스센터,경기도 광명시 철망산로2,https://sugang.gm.go.kr/ilms/learning/learningDetail.do?lng_id=LEARNING_00089322,0,광명시,광명시
태블릿PC로 모션그래픽 이모티콘 편지쓰기 2반,디지털(정보화) 리터러시 프로그램,경기도 광명시 인생플러스센터,경기도 광명시 철망산로2,https://sugang.gm.go.kr/ilms/learning/learningDetail.do?lng_id=LEARNING_00089224,0,광명시,광명시
태블릿PC로 모션그래픽 이모티콘 편지쓰기 1반,디지털(정보화) 리터러시 프로그램,경기도 광명시 인생플러스센터,경기도 광명시 철망산로2,https://sugang.gm.go.kr/ilms/learning/learningDetail.do?lng_id=LEARNING_00089234,0,광명시,광명시
AI를 활용한 사업계획서 작성하기,디지털(정보화) 리터러시 프로그램,경기도 광명시 인생플러스센터,경기도 광명시 철망산로2,https://sugang.gm.go.kr/ilms/learning/learningDetail.do?lng_id=LEARNING_00089081,0,광명시,광명시
생성형 AI 200 활용하기 입문,생성형 AI 200 활용하기 입문,양평군 평생학습센터,경기도 양평군 양평읍 마유산로 3,https://www.yp21.go.kr/lll/index.do,72000,양평군,양평군
스마트스토어 온라인 부업 with 파이썬코딩,스마트스토어 온라인 부업 with 파이썬코딩,양평군 평생학습센터,경기도 양평군 양평읍 마유산로 3,https://www.yp21.go.kr/lll/index.do,100000,양평군,양평군
드론조종과 항공촬영 도전하기,기타,경기도 광명시 인생플러스센터,경기도 광명시 철망산로2,https://sugang.gm.go.kr/ilms/learning/learningDetail.do?lng_id=LEARNING_00088536,20000,광명시,광명시
오늘부터 유튜브 크리에이터 시작하기(영상편집),디지털(정보화) 리터러시 프로그램,경기도 광명시 인생플러스센터,경기도 광명시 철망산로2,https://sugang.gm.go.kr/ilms/learning/learningDetail.do?lng_id=LEARNING_00088541,30000,광명시,광명시
【야간】실무에 바로 사용하는 한글·엑셀 기초,디지털(정보화) 리터러시 프로그램,경기도 광명시 인생플러스센터,경기도 광명시 철망산로2,https://sugang.gm.go.kr/ilms/learning/learningDetail.do?lng_id=LEARNING_00088534,20000,광명시,광명시
실무에 바로 사용하는 한글·엑셀 기초(주간),디지털(정보화) 리터러시 프로그램,경기도 광명시 인생플러스센터,경기도 광명시 철망산로2,https://sugang.gm.go.kr/ilms/learning/learningDetail.do?lng_id=LEARNING_00088523,20000,광명시,광명시
【야간】생성형 AI로 무한 크리에이팅(입문),디지털(정보화) 리터러시 프로그램,경기도 광명시 인생플러스센터,경기도 광명시 철망산로2,https://sugang.gm.go.kr/ilms/learning/learningDetail.do?lng_id=LEARNING_00088532,20000,광명시,광명시
E-book 작가 데뷔전 AI 동화책 만들기,디지털(정보화) 리터러시 프로그램,경기도 광명시 인생플러스센터,경기도 광명시 철망산로2,https://sugang.gm.go.kr/ilms/learning/learningDetail.do?lng_id=LEARNING_00088531,20000,광명시,광명시
어린이코딩,기타 시민성소양 관련 프로그램,경기도 광명시 하안2동주민자치회,경기도 광명시 철망산로2,https://sugang.gm.go.kr/ilms/learning/learningDetail.do?lng_id=LEARNING_00088906,45000,광명시,광명시
어린이코딩,기타 시민성소양 관련 프로그램,경기도 광명시 하안2동주민자치회,경기도 광명시 철망산로2,https://sugang.gm.go.kr/ilms/learning/learningDetail.do?lng_id=LEARNING_00087398,45000,광명시,광명시
저녁)생성형 AI 콘텐츠 크리에이팅,저녁)생성형 AI 콘텐츠 크리에이팅,군포시 평생학습마을,경기도 군포시 수리산로 112,www.gunpocf.or.kr,80000,군포시,군포시
AI작사작곡 완전정복,AI작사작곡 완전정복,군포시 평생학습마을,경기도 군포시 수리산로 112,www.gunpocf.or.kr,0,군포시,군포시
파워인터넷 활용(구글/유튜브/최신AI서비스),실무에 필요한 프로그램 기초기능 익히기,군포시평생학습원,경기도 군포시 고산로 263,www.gunpocf.or.kr,80000,군포시,군포시
엔트리 게임과 마이크로비트 3-6학년,초등 고학년 중급 코딩반,군포시평생학습원,경기도 군포시 고산로 263,www.gunpocf.or.kr,60000,군포시,군포시
엔트리와 마이크로비트 1-3학년,초등 저학년 코딩,군포시평생학습원,경기도 군포시 고산로 263,www.gunpocf.or.kr,60000,군포시,군포시
생성형 AI 마스터 클래스(심화),인공지능 & ChatGPT 기초부터 심화까지,군포시평생학습원,경기도 군포시 고산로 263,www.gunpocf.or.kr,80000,군포시,군포시
디지털 한무릎 공부방(오후반) (10월),디지털 기기 기본교육 및 사용방법 교육,군포시평생학습마을,경기도 군포시 수리산로 112,www.gunpocf.or.kr,0,군포시,군포시
디지털 한무릎 공부방(오전반) (10월),디지털 기기 기본교육 및 사용방법 교육,군포시평생학습마을,경기도 군포시 수리산로 112,www.gunpocf.or.kr,0,군포시,군포시
3D프린터 활용능력과정 (2기),"메이커스, 코딩 기본교육",군포시평생학습마을,경기도 군포시 수리산로 112,www.gunpocf.or.kr,0,군포시,군포시
SW_AI 메이커강사 양성 심화과정,"메이커스, 코딩 전문가 양성",군포시평생학습마을,경기도 군포시 수리산로 112,www.gunpocf.or.kr,0,군포시,군포시
AI크리에이터 독립운동가와 만나다_생성형 AI로 만드는 광복 80주년   기념영상 프로젝트,"메이커스, AI-융합 교육",군포시평생학습마을,경기도 군포시 수리산로 112,www.gunpocf.or.kr,0,군포시,군포시
메이커장비체험_3D 프린터로 만드는 아이언맨 글러브,"메이커스, AI-융합 교육",군포시평생학습마을,경기도 군포시 수리산로 112,www.gunpocf.or.kr,0,군포시,군포시
원리를 배우는 로봇코딩,"메이커스, AI-융합 교육",군포시평생학습마을,경기도 군포시 수리산로 112,www.gunpocf.or.kr,0,군포시,군포시
사진으로 소통하기(디지털카메라)초중급,사진으로 소통하기(디지털카메라)초중급,군포시 평생학습마을,경기도 군포시 수리산로 112,www.gunpocf.or.kr,100000,군포시,군포시
구글+SNS+유튜브+최신AI서비스,구글+SNS+유튜브+최신AI서비스,군포시 평생학습마을,경기도 군포시 수리산로 112,www.gunpocf.or.kr,80000,군포시,군포시
"AI를 활용한 이미지, 숏폼영상 제작","AI를 활용한 이미지, 숏폼영상 제작",군포시 평생학습마을,경기도 군포시 수리산로 112,www.gunpocf.or.kr,80000,군포시,군포시
Chat GPT로 인공지능과 친해지기,Chat GPT로 인공지능과 친해지기,군포시 평생학습마을,경기도 군포시 수리산로 112,www.gunpocf.or.kr,80000,군포시,군포시
"2025 하반기 평생교육프로그램(인공지능시대, 부모 AI 교육)",부모 교육,경기도교육청_경기성남교육도서관,경기도 성남시 수정구 공원로 370번길 26,https://lib.goe.go.kr/sn/,0,성남시,수정구
2025 하반기 평생교육프로그램(인공지능 코딩체험),그림책 코딩,경기도교육청_경기성남교육도서관,경기도 성남시 수정구 공원로 370번길 26,https://lib.goe.go.kr/sn/,0,성남시,수정구
2025 하반기 평생교육프로그램(그림책 ART),그림책 미술,경기도교육청_경기성남교육도서관,경기도 성남시 수정구 공원로 370번길 26,https://lib.goe.go.kr/sn/,0,성남시,수정구
63. [25년 제3기] 디지털 카메라 촬영,카메라 촬영,경기도 의왕시청 평생교육과,경기도 의왕시 오전로 122,https://www.uiwang.go.kr/reserve/LLU/L01/eduList.do?currentMenuNo=421,48000,의왕시,의왕시
방학특강 어린이드론축구,기타 활동,백사면주민자치학습센터,경기도 이천시 애련정로 88-2,https://www.icheon.go.kr,0,이천시,이천시
송갈2리 디지털문해,국어 교육,호법면주민자치학습센터,경기도 이천시 호법면 송갈로 112,https://www.icheon.go.kr,0,이천시,이천시
단천1리 디지털문해,국어 교육,호법면주민자치학습센터,경기도 이천시 호법면 이섭대천로 206,https://www.icheon.go.kr,0,이천시,이천시
소사리디지털문해교실,국어 교육,모가면주민자치학습센터,경기도 이천시 대월로63번길46,https://www.icheon.go.kr,0,이천시,이천시
[시민주도 평생학습(실천형)] 시니어를 위한 AI윤리와 실습(시니어 강좌),AI 윤리 이해 및 실습,하남시평생학습관,경기도 하남시 하남대로 732(신장동),https://lll.hanam.go.kr/,0,하남시,하남시
[광명지식상점] AI로 나를 업그레이드하라: 인공지능 영상 제작 실습,기타 직무역량 관련 프로그램,경기도 광명시평생학습원,경기도 광명시 철망산로2,https://sugang.gm.go.kr/ilms/learning/learningDetail.do?lng_id=LEARNING_00088780,20000,광명시,광명시
[광명지식상점] 상상하는 그대로 3D모델링과 3D프린팅 소품 제작,컴퓨터 관련 프로그램,경기도 광명시평생학습원,경기도 광명시 철망산로2,https://sugang.gm.go.kr/ilms/learning/learningDetail.do?lng_id=LEARNING_00088770,20000,광명시,광명시
[자격증 취득과정] AI활용지도사(6),자격증 취득과정,경기도교육청평생학습관,경기도 수원시 권선구 권중로 55,lib.goe.go.kr/gglec,0,수원시,권선구
디지털에 지지 않는 부모 되기: 건강한 습관 및 관계 형성,디지털에 지지 않는 부모 되기: 건강한 습관 및 관계 형성,경기도교육청평생학습관,경기도 수원시 권선구 권중로 55,lib.goe.go.kr/gglec,0,수원시,권선구
챗GPT와 인공지능 활용,챗GPT와 인공지능 활용,경기도교육청평생학습관,경기도 수원시 권선구 권중로 55,lib.goe.go.kr/gglec,0,수원시,권선구
학부모가 알아야 할 AI시대 미래역량의 핵심,학부모가 알아야 할 AI시대 미래역량의 핵심,경기도교육청평생학습관,경기도 수원시 권선구 권중로 55,lib.goe.go.kr/gglec,0,수원시,권선구
초등 학부모를 위한 AI 활용 능력 강화 연수(5),초등 학부모를 위한 AI 활용 능력 강화 연수,경기도교육청평생학습관,경기도 수원시 권선구 권중로 55,lib.goe.go.kr/gglec,0,수원시,권선구
나노와 인공지능이 만드는 미래: 어떻게 대비해야 할까?,나노와 인공지능 기술이 과학 기술을 어떻게 바꾸고 있는지 알아보고 아이가 미래에 갖추어야 할 소양과 대비방법에 대해 배움,경기도교육청평생학습관,경기도 수원시 권선구 권중로 55,lib.goe.go.kr/gglec,0,수원시,권선구
노션(Notion)으로 시작하는 디지털 기록(3),노션(Notion)으로 시작하는 디지털 기록,경기도교육청평생학습관,경기도 수원시 권선구 권중로 55,lib.goe.go.kr/gglec,0,수원시,권선구
[자격증 취득과정] 디지털중독예방지도사(5),디지털중독예방지도사 자격증 취득과정,경기도교육청평생학습관,경기도 수원시 권선구 권중로 55,lib.goe.go.kr/gglec,0,수원시,권선구
노션(Notion)으로 시작하는 디지털 기록(2),노션(Notion)으로 시작하는 디지털 기록,경기도교육청평생학습관,경기도 수원시 권선구 권중로 55,lib.goe.go.kr/gglec,0,수원시,권선구
초등 학부모를 위한 AI 활용 능력 강화 연수(4),초등 학부모를 위한 AI 활용 능력 강화 연수,경기도교육청평생학습관,경기도 수원시 권선구 권중로 55,lib.goe.go.kr/gglec,0,수원시,권선구
초보도 쉽게 배우는 AI 실습(3),초보도 쉽게 배우는 AI 실습,경기도교육청평생학습관,경기도 수원시 권선구 권중로 55,lib.goe.go.kr/gglec,0,수원시,권선구
초등 학부모를 위한 AI 활용 능력 강화 연수(3),초등 학부모를 위한 AI 활용 능력 강화 연수,경기도교육청평생학습관,경기도 수원시 권선구 권중로 55,lib.goe.go.kr/gglec,0,수원시,권선구
[미래동행] 디지털문화와 성폭력이해(시흥진말초),디지털문화와 성폭력이해,경기도교육청평생학습관,경기도 수원시 권선구 권중로 55,lib.goe.go.kr/gglec,0,수원시,권선구
[미래동행] 디지털문화와 성폭력이해(안양귀인중),디지털문화와 성폭력이해,경기도교육청평생학습관,경기도 수원시 권선구 권중로 55,lib.goe.go.kr/gglec,0,수원시,권선구
[자격증 취득과정] 디지털중독예방지도사(6),디지털중독예방지도사 자격증 취득과정,경기도교육청평생학습관,경기도 수원시 권선구 권중로 55,lib.goe.go.kr/gglec,0,수원시,권선구
노션(Notion)으로 시작하는 디지털 기록(4),노션(Notion)으로 시작하는 디지털 기록,경기도교육청평생학습관,경기도 수원시 권선구 권중로 55,lib.goe.go.kr/gglec,0,수원시,권선구
초등 학부모를 위한 AI 활용 능력 강화 연수(6),초등 학부모를 위한 AI 활용 능력 강화 연수,경기도교육청평생학습관,경기도 수원시 권선구 권중로 55,lib.goe.go.kr/gglec,0,수원시,권선구
초보도 쉽게 배우는 AI 실습(4),초보도 쉽게 배우는 AI 실습,경기도교육청평생학습관,경기도 수원시 권선구 권중로 55,lib.goe.go.kr/gglec,0,수원시,권선구
[미래동행] 디지털문화와 성폭력이해(광명하얀초),디지털문화와 성폭력이해,경기도교육청평생학습관,경기도 광명시 안현로 16,lib.goe.go.kr/gglec,0,광명시,광명시
[미래동행] 디지털문화와 성폭력이해(양주회천초),디지털문화와 성폭력이해,경기도교육청평생학습관,경기도 양주시 고암길 73,lib.goe.go.kr/gglec,0,양주시,양주시
[특성화고 입학설명회] AI 로봇시대 진로직업교육의 변화,특성화고 입학설명회,경기도교육청평생학습관,경기도 수원시 권선구 권중로 55,lib.goe.go.kr/gglec,0,수원시,권선구
[특성화고 입학설명회] 양영디지털고등학교,특성화고 입학설명회,경기도교육청평생학습관,경기도 수원시 권선구 권중로 55,lib.goe.go.kr/gglec,0,수원시,권선구
[자격증 취득과정] AI활용지도사(1),자격증 취득과정,경기도교육청평생학습관,경기도 수원시 권선구 권중로 55,lib.goe.go.kr/gglec,0,수원시,권선구
[미래동행] AI시대 우리아이 학습법(수원글빛초),AI시대 우리아이 학습법,경기도교육청평생학습관,경기도 수원시 권선구 권중로 55,lib.goe.go.kr/gglec,0,수원시,권선구
[자격증 취득과정] AI활용지도사(2),자격증 취득과정,경기도교육청평생학습관,경기도 수원시 권선구 권중로 55,lib.goe.go.kr/gglec,0,수원시,권선구
AI로 동화책 만들기,AI로 동화책 만들기,경기도교육청평생학습관,경기도 안산시 상록구 충장로 468,lib.goe.go.kr/gglec,0,안산시,상록구
[자격증 취득과정] AI활용지도사(3),자격증 취득과정,경기도교육청평생학습관,경기도 수원시 권선구 권중로 55,lib.goe.go.kr/gglec,0,수원시,권선구
[자격증 취득과정] AI활용지도사(4),자격증 취득과정,경기도교육청평생학습관,경기도 수원시 권선구 권중로 55,lib.goe.go.kr/gglec,0,수원시,권선구
[미래동행] AI시대 우리 아이 학습법(화성내리숲초),AI시대 우리 아이 학습법,경기도교육청평생학습관,경기도 화성시 봉담읍 삼봉안1길 21-7,lib.goe.go.kr/gglec,0,화성시,화성시
"AI시대, 교육의 방향과 대응","AI시대, 교육의 방향과 대응",경기도교육청평생학습관,경기도 수원시 권선구 권중로 55,lib.goe.go.kr/gglec,0,수원시,권선구
[미래동행] 디지털 문화와 성폭력 이해(양주회천초),디지털 문화와 성폭력 이해,경기도교육청평생학습관,경기도 양주시 고암길 77,lib.goe.go.kr/gglec,0,양주시,양주시
[자격증 취득과정] AI활용지도사(5),자격증 취득과정,경기도교육청평생학습관,경기도 수원시 권선구 권중로 55,lib.goe.go.kr/gglec,0,수원시,권선구
AI를 활용한 나만의 웹툰 만들기,인공지능을 활용하여 나만의 이야기로 4컷 만화를 만드는 원데이 클래스,경기도교육청평생학습관,경기도 수원시 권선구 권중로 55,lib.goe.go.kr/gglec,0,수원시,권선구
"[디지털시민성] 인공지능 시대, 질문이 필요해(1)",인공지능의 편향성과 공정성,경기도교육청평생학습관,경기도 수원시 권선구 권중로 55,lib.goe.go.kr/gglec,0,수원시,권선구
[자격증 취득과정] 디지털중독예방지도사(1),디지털중독예방지도사 자격증 취득과정,경기도교육청평생학습관,경기도 수원시 권선구 권중로 55,lib.goe.go.kr/gglec,0,수원시,권선구
"[디지털시민성] 인공지능 시대, 질문이 필요해(2)",생각의 자율성과 다양성의 위기,경기도교육청평생학습관,경기도 수원시 권선구 권중로 55,lib.goe.go.kr/gglec,0,수원시,권선구
초보도 쉽게 배우는 AI 실습(1),초보도 쉽게 배우는 AI 실습,경기도교육청평생학습관,경기도 수원시 권선구 권중로 55,lib.goe.go.kr/gglec,0,수원시,권선구
[자격증 취득과정] 디지털중독예방지도사(2),디지털중독예방지도사 자격증 취득과정,경기도교육청평생학습관,경기도 수원시 권선구 권중로 55,lib.goe.go.kr/gglec,0,수원시,권선구
디지털 세대 자녀와 소통하기,디지털 세대 자녀와 소통하기,경기도교육청평생학습관,경기도 고양시 덕양구 대주로 138-50,lib.goe.go.kr/gglec,0,고양시,덕양구
노션(Notion)으로 시작하는 디지털 기록(1),노션(Notion)으로 시작하는 디지털 기록,경기도교육청평생학습관,경기도 수원시 권선구 권중로 55,lib.goe.go.kr/gglec,0,수원시,권선구
[자격증 취득과정] 디지털중독예방지도사(4),디지털중독예방지도사 자격증 취득과정,경기도교육청평생학습관,경기도 수원시 권선구 권중로 55,lib.goe.go.kr/gglec,0,수원시,권선구
초등 학부모를 위한 AI 활용 능력 강화 연수(2),초등 학부모를 위한 AI 활용 능력 강화 연수,경기도교육청평생학습관,경기도 수원시 권선구 권중로 55,lib.goe.go.kr/gglec,0,수원시,권선구
초보도 쉽게 배우는 AI 실습(2),초보도 쉽게 배우는 AI 실습,경기도교육청평생학습관,경기도 수원시 권선구 권중로 55,lib.goe.go.kr/gglec,0,수원시,권선구
초등 학부모를 위한 AI 활용 능력 강화 연수(1),초등 학부모를 위한 AI 활용 능력 강화 연수,경기도교육청평생학습관,경기도 수원시 권선구 권중로 55,lib.goe.go.kr/gglec,0,수원시,권선구
[자격증 취득과정] 디지털중독예방지도사(3),디지털중독예방지도사 자격증 취득과정,경기도교육청평생학습관,경기도 수원시 권선구 권중로 55,lib.goe.go.kr/gglec,0,수원시,권선구
챗GPT와 AI세상,AI+챗GPT,원문동문화교육센터,경기도 과천시 중앙로 28-1,,69000,과천시,과천시
부모도 성장하는 AI 교육혁명: 2025 미래인재 키우기(3),AI 시대의 교육 트렌드와 직업 변화 이해,경기도교육청평생학습관,경기도 수원시 권선구 권중로 55,lib.goe.go.kr/gglec,0,수원시,권선구
부모도 성장하는 AI 교육혁명: 2025 미래인재 키우기(2),AI 시대의 교육 트렌드와 직업 변화 이해,경기도교육청평생학습관,경기도 수원시 권선구 권중로 55,lib.goe.go.kr/gglec,0,수원시,권선구
부모도 성장하는 AI 교육혁명: 2025 미래인재 키우기(1),AI 시대의 교육 트렌드와 직업 변화 이해,경기도교육청평생학습관,경기도 수원시 권선구 권중로 55,lib.goe.go.kr/gglec,0,수원시,권선구
부모도 성장하는 AI 교육혁명: 2025 미래인재 키우기(4),AI 시대의 교육 트렌드와 직업 변화 이해,경기도교육청평생학습관,경기도 수원시 권선구 권중로 55,lib.goe.go.kr/gglec,0,수원시,권선구
DSLR 사진촬영&포토샵 (A),디지털 사진의 기본이론 및 실전 활용 능력 습득,수원도시공사,경기도 수원시 장안구 송원로 101,https://www.suwonudc.co.kr/jacc,90000,수원시,장안구
[느슨한학교] 인공지능을 악용한 보이스피싱 예방 교육 (1회 특강),경제/자본주의 관련 프로그램,경기도 광명시평생학습원,경기도 광명시 철망산로2,https://sugang.gm.go.kr/ilms/learning/learningDetail.do?lng_id=LEARNING_00087905,0,광명시,광명시
[시니어] 스마트폰과 함께하는 디지털 생활,시니어들의 스마트폰을 보다 효과적이고 능숙하게 활용할 수 있도록 돕는 프로그램,경기도교육청화성도서관,경기도 화성시 향남읍 발안로 85-10,https://lib.goe.go.kr/hs,0,화성시,화성시
이야기 담은 코딩,기타,경기도 광명시 새싹 작은도서관,경기도 광명시 철망산로2,https://sugang.gm.go.kr/ilms/learning/learningDetail.do?lng_id=LEARNING_00088482,0,광명시,광명시
낭랑 ON AIR,기타,경기도 광명시 새싹 작은도서관,경기도 광명시 철망산로2,https://sugang.gm.go.kr/ilms/learning/learningDetail.do?lng_id=LEARNING_00088462,0,광명시,광명시
[광명지식상점] 아빠와 함께하는 드론 축구볼 챌린지,기타 생활스포츠 관련 프로그램,경기도 광명시평생학습원,경기도 광명시 철망산로2,https://sugang.gm.go.kr/ilms/learning/learningDetail.do?lng_id=LEARNING_00088201,10000,광명시,광명시
스마트한 디지털 교실 역량 강화 교육,정보기술,경기도 광명시평생학습원,경기도 광명시 철망산로2,https://sugang.gm.go.kr/ilms/learning/learningDetail.do?lng_id=LEARNING_00088180,0,광명시,광명시
AI 크리에이터 양성과정(1기),직업능력교육 > 직무역량프로그램 > 문화/예술,장애인 평생학습도시,경기도 의정부시 의정로 165 의정부시평생학습원 2층,www.ull.or.kr/lifeedu/index.do,0,의정부시,의정부시
[5060] AI 프롬프트 엔지니어,직업능력교육 > 자격인증프로그램 > 자격(증)(국가자격) 인증 프로그램,평생직업교육,경기도 의정부시 의정로 165,www.ull.or.kr/lifeedu/index.do,0,의정부시,의정부시
[5060] AI 디지털 자서전 지도사(추가모집),직업능력교육 > 자격인증프로그램 > 자격(증)(등록민간) 인증 프로그램,평생직업교육,경기도 의정부시 의정로 165,www.ull.or.kr/lifeedu/index.do,0,의정부시,의정부시
[중장년] AI 활용 기초 -나만의 콘텐츠 만들기 - 금요일 오전반,기초문해교육 > 생활기술해독프로그램 > 디지털(정보화) 리터러시 프로그램,디지털배움터,경기도 의정부시 의정로 165 평생학습원 4층 제2강의실,www.ull.or.kr/lifeedu/index.do,0,의정부시,의정부시
"[중장년] 스마트 폰을 여는 교통, 행정, 건강관리, 개인정보 보호 활용하기- 금요일 오후반",기초문해교육 > 생활기술해독프로그램 > 디지털(정보화) 리터러시 프로그램,디지털배움터,경기도 의정부시 의정로 165 평생학습원 4층 제2강의실,www.ull.or.kr/lifeedu/index.do,0,의정부시,의정부시
[중장년] 쉽게 배우는 챗GPT 대화 기술- 금요일 오후반,기초문해교육 > 생활기술해독프로그램 > 디지털(정보화) 리터러시 프로그램,디지털배움터,경기도 의정부시 의정로 165 평생학습원 4층 제2강의실,www.ull.or.kr/lifeedu/index.do,0,의정부시,의정부시
[심화/특화] 실생활 정보 관리 비법- 목요일 오후반,기초문해교육 > 생활기술해독프로그램 > 디지털(정보화) 리터러시 프로그램,디지털배움터,경기도 의정부시 의정로 165 평생학습원 4층 제2강의실,www.ull.or.kr/lifeedu/index.do,0,의정부시,의정부시
[심화/특화] 사진도 설정도 깔끔하게 - 수요일 오후반,기초문해교육 > 생활기술해독프로그램 > 디지털(정보화) 리터러시 프로그램,디지털배움터,경기도 의정부시 의정로 165 평생학습원 4층 제2강의실,www.ull.or.kr/lifeedu/index.do,0,의정부시,의정부시
[초급/특화] 온라인계정 관리 이해와 디지털 격차 해소의 필요성 알기 - 수요일 오후반,기초문해교육 > 생활기술해독프로그램 > 디지털(정보화) 리터러시 프로그램,디지털배움터,경기도 의정부시 의정로 165 평생학습원 4층 제2강의실,www.ull.or.kr/lifeedu/index.do,0,의정부시,의정부시
"[심화/특화] 컴퓨터, 두려움에서 능력으로 - 화요일 오후반",기초문해교육 > 생활기술해독프로그램 > 디지털(정보화) 리터러시 프로그램,디지털배움터,경기도 의정부시 의정로 165 평생학습원 4층 제2강의실,www.ull.or.kr/lifeedu/index.do,0,의정부시,의정부시
[심화] 스마트폰 심화 - 월요일 오후반,기초문해교육 > 생활기술해독프로그램 > 디지털(정보화) 리터러시 프로그램,디지털배움터,경기도 의정부시 의정로 165 평생학습원 4층 제2강의실,www.ull.or.kr/lifeedu/index.do,0,의정부시,의정부시
[초급] 스마트폰 생활 활용 - 월요일 오후반,기초문해교육 > 생활기술해독프로그램 > 디지털(정보화) 리터러시 프로그램,디지털배움터,경기도 의정부시 의정로 165 평생학습원 4층 제 2강의실,www.ull.or.kr/lifeedu/index.do,0,의정부시,의정부시
"[입문] 스마트폰의 이해- 월,수 오전반",기초문해교육 > 생활기술해독프로그램 > 디지털(정보화) 리터러시 프로그램,디지털배움터,경기도 의정부시 의정로 165 평생학습원 4층 제2강의실,www.ull.or.kr/lifeedu/index.do,0,의정부시,의정부시
"[초급] 컴퓨터 생활 활용- 화,목 오후반",기초문해교육 > 생활기술해독프로그램 > 디지털(정보화) 리터러시 프로그램,디지털배움터,경기도 의정부시 의정로 165 평생학습원 4층 제2강의실,www.ull.or.kr/lifeedu/index.do,0,의정부시,의정부시
"[입문]컴퓨터의 이해 화,목 오전반",기초문해교육 > 생활기술해독프로그램 > 디지털(정보화) 리터러시 프로그램,디지털배움터,경기도 의정부시 의정로 165 평생학습원 4층 제2강의실,www.ull.or.kr/lifeedu/index.do,0,의정부시,의정부시
[부지런] AI 활용 숏츠 영상제작,직업능력교육 > 취창업준비 프로그램 > 직업 준비 프로그램,평생직업교육,경기도 의정부시 의정로 165,www.ull.or.kr/lifeedu/index.do,30000,의정부시,의정부시
"[심화/특화] 똑똑한 시니어의  슬기로운 인터넷 생활(장보기, 민원 처리하기) - 화요일 오후반",기초문해교육 > 생활기술해독프로그램 > 디지털(정보화) 리터러시 프로그램,디지털배움터,경기도 의정부시 의정로 165 평생학습원 4층 제2강의실,www.ull.or.kr/lifeedu/index.do,0,의정부시,의정부시
[중장년 보충] AI 활용 보충 - 금 오전9시,기초문해교육 > 생활기술해독프로그램 > 디지털(정보화) 리터러시 프로그램,디지털배움터,경기도 의정부시 의정로 165 평생학습원 4층 제2강의실,www.ull.or.kr/lifeedu/index.do,0,의정부시,의정부시
"[보충] 컴퓨터 조작법 - 화,목 오전9시",기초문해교육 > 생활기술해독프로그램 > 디지털(정보화) 리터러시 프로그램,디지털배움터,경기도 의정부시 의정로 165 평생학습원 4층 제2강의실,www.ull.or.kr/lifeedu/index.do,0,의정부시,의정부시
"[보충] 스마트폰 조작법 - 월,수 오전9시",기초문해교육 > 생활기술해독프로그램 > 디지털(정보화) 리터러시 프로그램,디지털배움터,경기도 의정부시 의정로 165 평생학습원 4층 제2강의실,www.ull.or.kr/lifeedu/index.do,0,의정부시,의정부시
[입문] 터치로 시작하는 스마트폰 길잡이 첫걸음 - 수요일 오후반,기초문해교육 > 생활기술해독프로그램 > 디지털(정보화) 리터러시 프로그램,디지털배움터,경기도 의정부시 의정로 165 평생학습원 4층 제 2강의실,www.ull.or.kr/lifeedu/index.do,0,의정부시,의정부시
[초급] 스마트폰 생활 활용 - 월요일 오후반,기초문해교육 > 생활기술해독프로그램 > 디지털(정보화) 리터러시 프로그램,디지털배움터,경기도 의정부시 의정로 165 평생학습원 4층 제 2강의실,www.ull.or.kr/lifeedu/index.do,0,의정부시,의정부시
"[초급] 컴퓨터 생활 활용 (화,목 오후반)",기초문해교육 > 생활기술해독프로그램 > 디지털(정보화) 리터러시 프로그램,디지털배움터,경기도 의정부시 의정로 165 평생학습원 4층 제2강의실,www.ull.or.kr/lifeedu/index.do,0,의정부시,의정부시
"[입문] 컴퓨터의 이해- 화,목오전반",기초문해교육 > 생활기술해독프로그램 > 디지털(정보화) 리터러시 프로그램,디지털배움터,경기도 의정부시 의정로 165 평생학습원 4층 제2강의실,www.ull.or.kr/lifeedu/index.do,0,의정부시,의정부시
"[입문] 스마트폰의 이해- 월,수 오전반",기초문해교육 > 생활기술해독프로그램 > 디지털(정보화) 리터러시 프로그램,디지털배움터,경기도 의정부시 의정로 165 평생학습원 4층 제2강의실,www.ull.or.kr/lifeedu/index.do,0,의정부시,의정부시
[부지런] AI 솔루션 창업과정,직업능력교육 > 취창업준비 프로그램 > 기타 창업 준비 프로그램,평생직업교육,경기도 의정부시 산단로76번길 89 의정부시 중소기업 지원센터1층 교육장,www.ull.or.kr/lifeedu/index.do,15000,의정부시,의정부시
[중장년 보충] AI 활용 보충 - 금요일 오전9시,기초문해교육 > 생활기술해독프로그램 > 디지털(정보화) 리터러시 프로그램,디지털배움터,경기도 의정부시 의정로 165 평생학습원 4층 제2강의실,www.ull.or.kr/lifeedu/index.do,0,의정부시,의정부시
"[보충] 컴퓨터 조작법 - 화,목 보충",기초문해교육 > 생활기술해독프로그램 > 디지털(정보화) 리터러시 프로그램,디지털배움터,경기도 의정부시 의정로 165 평생학습원 4층 제2강의실,www.ull.or.kr/lifeedu/index.do,0,의정부시,의정부시
"[보충] 스마트폰 조작법 - 월,수 보충",기초문해교육 > 생활기술해독프로그램 > 디지털(정보화) 리터러시 프로그램,디지털배움터,경기도 의정부시 의정로 165 평생학습원 4층 제2강의실,www.ull.or.kr/lifeedu/index.do,0,의정부시,의정부시
스마트폰과모바일활용 / 강좌번호 7,기초문해교육 > 생활기술해독프로그램 > 디지털(정보화) 리터러시 프로그램,신곡2동주민자치센터,경기도 의정부시 추동로23번길 7 문예창작실,www.ull.or.kr/lifeedu/index.do,45000,의정부시,의정부시
[심화] 스마트폰 심화 - 월요일 오후반,기초문해교육 > 생활기술해독프로그램 > 디지털(정보화) 리터러시 프로그램,디지털배움터,경기도 의정부시 의정로 165 평생학습원 4층 제2강의실,www.ull.or.kr/lifeedu/index.do,0,의정부시,의정부시
[중장년 특화] 일상 속  생성형 AI 여정 (AI로 검색하기) - 금요일 오후반,기초문해교육 > 생활기술해독프로그램 > 디지털(정보화) 리터러시 프로그램,디지털배움터,경기도 의정부시 의정로 165 평생학습원 4층 제2강의실,www.ull.or.kr/lifeedu/index.do,0,의정부시,의정부시
[중장년 특화] 말만 하면 척척  AI는 멋진 비서 (챗GPT) - 금요일 오후반,기초문해교육 > 생활기술해독프로그램 > 디지털(정보화) 리터러시 프로그램,디지털배움터,경기도 의정부시 의정로 165 평생학습원 4층 제2강의실,www.ull.or.kr/lifeedu/index.do,0,의정부시,의정부시
[중장년 입문]  AI 활용 기초 나만의 콘텐츠 만들기 - 금요일 오전반,기초문해교육 > 생활기술해독프로그램 > 디지털(정보화) 리터러시 프로그램,디지털배움터,경기도 의정부시 의정로 165 평생학습원 4층 제2강의실,www.ull.or.kr/lifeedu/index.do,0,의정부시,의정부시
[심화/특화] 우리의 이야기를 디자인으로 표현하기(미리캔버스)- 목요일 오후반,기초문해교육 > 생활기술해독프로그램 > 디지털(정보화) 리터러시 프로그램,디지털배움터,경기도 의정부시 의정로 165 평생학습원 4층 제2강의실,www.ull.or.kr/lifeedu/index.do,0,의정부시,의정부시
"스마트폰 기초 교육 화,목 오후반(방문신청만 가능)",기초문해교육 > 생활기술해독프로그램 > 디지털(정보화) 리터러시 프로그램,디지털배움터,경기도 의정부시 의정로 165 평생학습원 4층 제2강의실,www.ull.or.kr/lifeedu/index.do,0,의정부시,의정부시
"스마트폰 기초교육  화,목 오전반(방문신청만 가능)",기초문해교육 > 생활기술해독프로그램 > 디지털(정보화) 리터러시 프로그램,디지털배움터,경기도 의정부시 의정로 165 평생학습원 4층 제2강의실,www.ull.or.kr/lifeedu/index.do,0,의정부시,의정부시
"스마트폰 왕기초교육   월,수 오후반(방문신청만 가능)",기초문해교육 > 생활기술해독프로그램 > 디지털(정보화) 리터러시 프로그램,디지털배움터,경기도 의정부시 의정로 165 평생학습원 4층 제2강의실,www.ull.or.kr/lifeedu/index.do,0,의정부시,의정부시
"스마트폰 왕기초 교육   월,수 오전반(방문신청만 가능)",기초문해교육 > 생활기술해독프로그램 > 디지털(정보화) 리터러시 프로그램,디지털배움터,경기도 의정부시 의정로 165 평생학습원 4층 제2 강의실,www.ull.or.kr/lifeedu/index.do,0,의정부시,의정부시
어린이코딩,기타 시민성소양 관련 프로그램,경기도 광명시 하안2동주민자치회,경기도 광명시 철망산로2,https://sugang.gm.go.kr/ilms/learning/learningDetail.do?lng_id=LEARNING_00087975,45000,광명시,광명시
[부지런]AI 활용 능력 과정,직업능력교육 > 직무역량프로그램 > 평생교육,평생직업교육,경기도 의정부시 의정로 165 2층,www.ull.or.kr/lifeedu/index.do,15000,의정부시,의정부시
AI도구와 함께하는 왕초보 일본어(강좌번호 12),인문교양교육 > 생활소양프로그램 > 생활일본어,호원1동 주민자치센터,경기도 의정부시 평화로230번길 12-9 2층 정보화실,www.ull.or.kr/lifeedu/index.do,45000,의정부시,의정부시
코딩교실(강좌번호 18),인문교양교육 > 생활소양프로그램 > 컴퓨터 관련 프로그램,호원1동 주민자치센터,경기도 의정부시 평화로230번길 12-9 2층 정보화실,www.ull.or.kr/lifeedu/index.do,45000,의정부시,의정부시
컴퓨터 왕초보(기초) / 강좌번호 1,기초문해교육 > 생활기술해독프로그램 > 디지털(정보화) 리터러시 프로그램,신곡2동주민자치센터,경기도 의정부시 추동로23번길 7 사이버룸,www.ull.or.kr/lifeedu/index.do,45000,의정부시,의정부시
문서작성과 인터넷(초급) / 강좌번호 2,기초문해교육 > 생활기술해독프로그램 > 디지털(정보화) 리터러시 프로그램,신곡2동주민자치센터,경기도 의정부시 추동로23번길 7 사이버룸,www.ull.or.kr/lifeedu/index.do,45000,의정부시,의정부시
[하이런] 나도 영화감독 (AI로 단편 영화 제작하고 공모전 출품하기),직업능력교육 > 취창업준비 프로그램 > 직업 준비 프로그램,평생직업교육,경기도 의정부시 의정로 165 2층,www.ull.or.kr/lifeedu/index.do,45000,의정부시,의정부시
[하이런] 나도 디자이너 (포토샵 AI 기능을 활용한 웹 홍보물 제작),직업능력교육 > 취창업준비 프로그램 > 직업 준비 프로그램,평생직업교육,경기도 의정부시 의정로 165 2층,www.ull.or.kr/lifeedu/index.do,45000,의정부시,의정부시
[하이런] AI 기초 실무 (AI 입문자 대상),직업능력교육 > 취창업준비 프로그램 > 직업 준비 프로그램,평생직업교육,경기도 의정부시 의정로 165 2층,www.ull.or.kr/lifeedu/index.do,30000,의정부시,의정부시
컴퓨터&스마트폰/강좌번호17,기초문해교육 > 생활기술해독프로그램 > 디지털(정보화) 리터러시 프로그램,가능동 주민자치센터,경기도 의정부시 신촌로 35,www.ull.or.kr/lifeedu/index.do,45000,의정부시,의정부시
문서작성&인터넷/강좌번호8,기초문해교육 > 생활기술해독프로그램 > 디지털(정보화) 리터러시 프로그램,가능동 주민자치센터,경기도 의정부시 신촌로 35,www.ull.or.kr/lifeedu/index.do,45000,의정부시,의정부시
AI와 함께하는 왕초보 일본어(강좌번호 26),인문교양교육 > 생활소양프로그램 > 생활일본어,호원1동 주민자치센터,경기도 의정부시 평화로230번길 12-9 2층 정보화실,www.ull.or.kr/lifeedu/index.do,0,의정부시,의정부시
파워포인트 / 강좌번호 3,기초문해교육 > 생활기술해독프로그램 > 디지털(정보화) 리터러시 프로그램,호원2동 주민자치센터,경기도 의정부시 신흥로 115 본관 컴퓨터실,www.ull.or.kr/lifeedu/index.do,45000,의정부시,의정부시
문서작성과 인터넷(초급) / 강좌번호 2,기초문해교육 > 생활기술해독프로그램 > 디지털(정보화) 리터러시 프로그램,신곡2동주민자치센터,경기도 의정부시 추동로23번길 7 사이버룸,www.ull.or.kr/lifeedu/index.do,45000,의정부시,의정부시
컴퓨터 왕초보(기초) / 강좌번호 1,기초문해교육 > 생활기술해독프로그램 > 디지털(정보화) 리터러시 프로그램,신곡2동주민자치센터,경기도 의정부시 추동로23번길 7 사이버룸,www.ull.or.kr/lifeedu/index.do,45000,의정부시,의정부시
코딩 교실(강좌번호 25),기초문해교육 > 생활기술해독프로그램 > 디지털(정보화) 리터러시 프로그램,호원1동 주민자치센터,경기도 의정부시 평화로230번길 12-9 2층 정보화실,www.ull.or.kr/lifeedu/index.do,0,의정부시,의정부시
스마트폰과모바일활용 / 강좌번호 7,기초문해교육 > 생활기술해독프로그램 > 디지털(정보화) 리터러시 프로그램,신곡2동주민자치센터,경기도 의정부시 추동로23번길 7 문예창작실,www.ull.or.kr/lifeedu/index.do,45000,의정부시,의정부시
컴퓨터 기초 정규반 (목 오전),기초문해교육 > 생활기술해독프로그램 > 디지털(정보화) 리터러시 프로그램,디지털배움터,경기도 의정부시 의정로 165 평생학습원 4층 제2강의실,www.ull.or.kr/lifeedu/index.do,0,의정부시,의정부시
"스마트폰 기초 정규반 (월, 수 오전 )",기초문해교육 > 생활기술해독프로그램 > 디지털(정보화) 리터러시 프로그램,디지털배움터,경기도 의정부시 의정로 165 평생학습원 4층 4층 제2강의실,www.ull.or.kr/lifeedu/index.do,0,의정부시,의정부시
컴퓨터 기초 정규반 (목 오후),기초문해교육 > 생활기술해독프로그램 > 디지털(정보화) 리터러시 프로그램,디지털배움터,경기도 의정부시 의정로 165 평생학습원 4층 제2강의실,www.ull.or.kr/lifeedu/index.do,0,의정부시,의정부시
"스마트폰 왕기초 상설반 (월, 수 오후)",기초문해교육 > 생활기술해독프로그램 > 디지털(정보화) 리터러시 프로그램,디지털배움터,경기도 의정부시 의정로 165 평생학습원 4층 제2강의실,www.ull.or.kr/lifeedu/index.do,0,의정부시,의정부시
"스마트폰 왕기초 오후반(화,금)",기초문해교육 > 생활기술해독프로그램 > 디지털(정보화) 리터러시 프로그램,디지털배움터,경기도 의정부시 의정로 165 평생학습원 4층 제2강의실,www.ull.or.kr/lifeedu/index.do,0,의정부시,의정부시
"스마트폰 왕기초 오전반(화,금)",기초문해교육 > 생활기술해독프로그램 > 디지털(정보화) 리터러시 프로그램,디지털배움터,경기도 의정부시 의정로 165 평생학습원 4층 제2강의실,www.ull.or.kr/lifeedu/index.do,0,의정부시,의정부시
컴퓨터 기초반(강좌번호 11),기초문해교육 > 생활기술해독프로그램 > 디지털(정보화) 리터러시 프로그램,호원1동 주민자치센터,경기도 의정부시 평화로230번길 12-9 2층 정보화실,www.ull.or.kr/lifeedu/index.do,45000,의정부시,의정부시
문서 편집 및 인터넷 활용(강좌번호 10),기초문해교육 > 생활기술해독프로그램 > 디지털(정보화) 리터러시 프로그램,호원1동 주민자치센터,경기도 의정부시 평화로230번길 12-9 2층 정보화실,www.ull.or.kr/lifeedu/index.do,45000,의정부시,의정부시
스마트폰과 모바일(강좌번호 9),기초문해교육 > 생활기술해독프로그램 > 디지털(정보화) 리터러시 프로그램,호원1동 주민자치센터,경기도 의정부시 평화로230번길 12-9 2층 정보화실,www.ull.or.kr/lifeedu/index.do,45000,의정부시,의정부시
유튜브 동영상제작(강좌번호 2),기초문해교육 > 생활기술해독프로그램 > 디지털(정보화) 리터러시 프로그램,호원1동 주민자치센터,경기도 의정부시 평화로230번길 12-9 2층 정보화실,www.ull.or.kr/lifeedu/index.do,45000,의정부시,의정부시
파워포인트 / 강좌번호 3,기초문해교육 > 생활기술해독프로그램 > 디지털(정보화) 리터러시 프로그램,호원2동 주민자치센터,경기도 의정부시 신흥로 115 본관 컴퓨터실,www.ull.or.kr/lifeedu/index.do,45000,의정부시,의정부시
[광명지식상점] AI로 완성하는 직장인 실무 디자인 클래스,진로 체험 및 취업 지원 프로그램,경기도 광명시평생학습원,경기도 광명시 철망산로2,https://sugang.gm.go.kr/ilms/learning/learningDetail.do?lng_id=LEARNING_00087085,20000,광명시,광명시
[광명지식상점] 디지털드로잉 나만의 캐릭터 이모티콘 제작부터 판매,만화/캐릭터 등 관련 프로그램,경기도 광명시평생학습원,경기도 광명시 철망산로2,https://sugang.gm.go.kr/ilms/learning/learningDetail.do?lng_id=LEARNING_00087096,20000,광명시,광명시
[광명지식상점] 드론으로 즐기는 축구와 촬영편집,진로 체험 및 취업 지원 프로그램,경기도 광명시평생학습원,경기도 광명시 철망산로2,https://sugang.gm.go.kr/ilms/learning/learningDetail.do?lng_id=LEARNING_00087102,20000,광명시,광명시
[광명지식상점] AI로 나를 업그레이드하라: 평범한 일상을 초능력으로 바꾸는 방법,기타 직무역량 관련 프로그램,경기도 광명시평생학습원,경기도 광명시 철망산로2,https://sugang.gm.go.kr/ilms/learning/learningDetail.do?lng_id=LEARNING_00087082,20000,광명시,광명시
[퇴근학습길] AI 크리에이터 도전 실무에 바로 쓰는 AI 활용법,[퇴근학습길] AI 크리에이터 도전 실무에 바로 쓰는 AI 활용법,부천시평생학습센터,경기도 부천시 소사구 옥길로 116 (옥길동),http://learning.bucheon.go.kr,0,부천시,소사구
기회를 커스텀하는 평생학습_AI활용,기회를 커스텀하는 평생학습_AI활용,부천시평생학습센터,경기도 부천시 원미구 송내대로 388 (약대동),http://learning.bucheon.go.kr,0,부천시,원미구
[퇴근학습길] AI 활용 영상제작(공익영상 만들기),[퇴근학습길] AI 활용 영상제작(공익영상 만들기),부천시평생학습센터,경기도 부천시 원미구 중동로254번길 104 (중동),http://learning.bucheon.go.kr,0,부천시,원미구
[학습반디_중3동]챗GPT를 활용한 나의 유튜브 콘텐츠 만들기,[학습반디_중3동]챗GPT를 활용한 나의 유튜브 콘텐츠 만들기,부천시평생학습센터,경기도 부천시 소사구 경인로92번길 33 (송내동),http://learning.bucheon.go.kr,0,부천시,소사구
[학습반디_심곡본동]상상이 현실이 되는 드론(드론지도사 2급 과정),[학습반디_심곡본동]상상이 현실이 되는 드론(드론지도사 2급 과정),부천시평생학습센터,경기도 부천시 소사구 심곡본동 성주로249번길 19 (심곡본동),http://learning.bucheon.go.kr,0,부천시,소사구
[학습반디_심곡2동]시니어를 위한 생활 속 챗GPT 활용법,[학습반디_심곡2동]시니어를 위한 생활 속 챗GPT 활용법,부천시평생학습센터,경기도 부천시 원미구 부흥로424번길 25 (심곡동),http://learning.bucheon.go.kr,0,부천시,원미구
[학습반디_중4동]AI활용한 왕초보의 스마트스토어 첫걸음,[학습반디_중4동]AI활용한 왕초보의 스마트스토어 첫걸음,부천시평생학습센터,경기도 부천시 원미구 계남로 336 (중동),http://learning.bucheon.go.kr,0,부천시,원미구
[학습반디_소사동]AI로 뚝딱 그림책 만들기(출판지도사 자격증 과정),[학습반디_소사동]AI로 뚝딱 그림책 만들기(출판지도사 자격증 과정),부천시평생학습센터,경기도 부천시 소사구 경인로92번길 33  (송내동),http://learning.bucheon.go.kr,0,부천시,소사구
[학습반디_심곡1동]3050세대를 위한 디지털드로잉 기초부터 수익화까지,[학습반디_심곡1동]3050세대를 위한 디지털드로잉 기초부터 수익화까지,부천시평생학습센터,경기도 부천시 원미구 부흥로 403 (심곡동),http://learning.bucheon.go.kr,0,부천시,원미구
[광명지식상점] 나를 담은 디지털 그림 에세이,기타 직무역량 관련 프로그램,경기도 광명시평생학습원,경기도 광명시 철망산로2,https://sugang.gm.go.kr/ilms/learning/learningDetail.do?lng_id=LEARNING_00088764,20000,광명시,광명시
[광명지식상점] 드론으로 즐기는 드론축구 스포츠,기타 직무역량 관련 프로그램,경기도 광명시평생학습원,경기도 광명시 철망산로2,https://sugang.gm.go.kr/ilms/learning/learningDetail.do?lng_id=LEARNING_00088771,20000,광명시,광명시
[광명지식상점] 스마트폰 하나로 AI와 협업하여 영상 콘텐츠 제작,그래픽(포토샵)/영상(프리미어)/편집 관련 프로그램,경기도 광명시평생학습원,경기도 광명시 철망산로2,https://sugang.gm.go.kr/ilms/learning/learningDetail.do?lng_id=LEARNING_00088781,20000,광명시,광명시
[학습반디_소사본1동]AI와 함께 시작하는 슬기로운 금융생활,[학습반디_소사본1동]AI와 함께 시작하는 슬기로운 금융생활,부천시평생학습센터,경기도 부천시 소사구 소사본동 은성로68번길 56 (소사본동),http://learning.bucheon.go.kr,0,부천시,소사구
[2025 상반기 퇴근학습길] 디지털로 그리는 그림책,[2025 상반기 퇴근학습길] 디지털로 그리는 그림책,부천시평생학습센터,경기도 부천시 원미구 부천로90번길 15 (원미동),http://learning.bucheon.go.kr,0,부천시,원미구
Grammar & Vocabulary,영어독서지도 필수 이론의 이해 및 효과 높은 언어지도방법론의 영어독서지도과정 진행,수원도시공사,경기도 수원시 장안구 송원로 101,https://www.suwonudc.co.kr/jacc,54000,수원시,장안구
DSLR 사진촬영&포토샵 (B),디지털 사진의 기본이론 및 실전 활용 능력 습득,수원도시공사,경기도 수원시 장안구 송원로 101,https://www.suwonudc.co.kr/jacc,90000,수원시,장안구
코딩기초부터 3급 자격증,컴퓨터 배우기 및 자격증 취득을 위한 과정,수원도시공사,경기도 수원시 장안구 송원로 101,https://www.suwonudc.co.kr/jacc,60000,수원시,장안구
(단기)드론전문가(드론입문),취업&창업,평생학습센터,경기도 남양주시 경춘로 522,https://dasanedu.nyj.go.kr/,30000,남양주시,남양주시
"[특강] 미래를 읽는 힘, AI시대 배우고 이끄는 시민의 미래문해력",기타 시민성소양 관련 프로그램,경기도 광명시평생학습원,경기도 광명시 철망산로2,https://sugang.gm.go.kr/ilms/learning/learningDetail.do?lng_id=LEARNING_00088860,0,광명시,광명시
1인 창업을 위한 디자인 상품 만들기(플랫폼 + AI 활용),미리캔버스 강의,경기도 안산시청 평생학습과,경기도 안산시 단원구 동산로 63,https://wm.ansan.go.kr/,0,안산시,단원구
디지털 드로잉(야간),디지털드로잉강의,경기도 안산시청 평생학습과,경기도 안산시 단원구 동산로 63,https://wm.ansan.go.kr/,40000,안산시,단원구
"AI 활용, 1인크리에이터",AI 활용 크리에이터강의,경기도 안산시청 평생학습과,경기도 안산시 단원구 동산로 63,https://wm.ansan.go.kr/,50000,안산시,단원구
디지털 드로잉(주간),디지털드로잉강의,경기도 안산시청 평생학습과,경기도 안산시 단원구 동산로 63,https://wm.ansan.go.kr/,40000,안산시,단원구
코딩&로봇교육전문가과정(자격증),자격증,평생학습센터,경기도 남양주시 경춘로 522,https://dasanedu.nyj.go.kr/,60000,남양주시,남양주시
(단기_온라인)AI와 동영상제작(기초),취업&창업,평생학습센터,경기도 남양주시 경춘로 522,https://dasanedu.nyj.go.kr/,30000,남양주시,남양주시
(장애인전용강좌)저녁의 AI교실,정보기술,경기도 광명시평생학습원,경기도 광명시 철망산로2,https://sugang.gm.go.kr/ilms/learning/learningDetail.do?lng_id=LEARNING_00087770,0,광명시,광명시
원어민 영어 (Level 1 Basic English (Vocabulary/Survival),원어민강사와 함께 영어회화능력향상,수원도시공사,경기도 수원시 장안구 송원로 101,https://www.suwonudc.co.kr/jacc,150000,수원시,장안구
(스마트한 디지털 기초 교실)디자인 감각을 키우는 미리캔버스·AI 기초,디지털(정보화) 리터러시 프로그램,경기도 광명시평생학습원,경기도 광명시 철망산로2,https://sugang.gm.go.kr/ilms/learning/learningDetail.do?lng_id=LEARNING_00088647,0,광명시,광명시
(스마트한 디지털 기초 교실)디지털 세상으로 가는 첫 걸음,디지털(정보화) 리터러시 프로그램,경기도 광명시평생학습원,경기도 광명시 철망산로2,https://sugang.gm.go.kr/ilms/learning/learningDetail.do?lng_id=LEARNING_00088654,0,광명시,광명시
Let’s Learn About Earth,"함께 책 읽기 후 책놀이, 낭독, 북토크, 소감 공유 등 다양한 소통 활동",경기과천교육도서관,경기도 과천시 도서관길 36,lib.goe.go.kr/kwa/,0,과천시,과천시
제2차 스마트한 디지털 교실 활동가 역량강화 교육,진로수업 프로그램,경기도 광명시평생학습원,경기도 광명시 철망산로2,https://sugang.gm.go.kr/ilms/learning/learningDetail.do?lng_id=LEARNING_00087714,0,광명시,광명시
[광명지식상점] 디지털드로잉으로 그리는 나만의 캐릭터 패턴:디자인 문구 제작부터 판매까지,기타 직무역량 관련 프로그램,경기도 광명시평생학습원,경기도 광명시 철망산로2,https://sugang.gm.go.kr/ilms/learning/learningDetail.do?lng_id=LEARNING_00088766,20000,광명시,광명시
[2025년 하반기 단기] AI를 활용한 보고서 만들기,실용,경기도 시흥시 평생교육원(정왕평생학습관),경기도 시흥시 정왕대로233번길 59,https://siheung.gseek.kr,0,시흥시,시흥시
[2025년 하반기] 디지털 드로잉 아티스트(주말),교양,경기도 시흥시 평생교육원(정왕평생학습관),경기도 시흥시 정왕대로233번길 59,https://siheung.gseek.kr,60000,시흥시,시흥시
[주말]AI와 함께하는 음악창작,실용,경기도 시흥시 평생교육원(정왕평생학습관),경기도 시흥시 정왕대로233번길 59,https://siheung.gseek.kr,0,시흥시,시흥시
디지털 드로잉 아티스트,교양,경기도 시흥시 평생교육원(대야평생학습관),경기도 시흥시 은행로 173번길 14,https://siheung.gseek.kr,40000,시흥시,시흥시
