강좌명,운영기관명,구,교육대상구분,카테고리,홈페이지주소
평생학습축제 (보리아트)무드등 만들기 오후1시반 -25년 4분기,경기도 수원시평생학습관,팔달구,성인,학습/진로,http://learning.suwon.go.kr
[수원시 평생학습축제]우리쌀로 전통 떡 만들기,경기도 수원시평생학습관,팔달구,전체,학습/진로,http://learning.suwon.go.kr
[수원시평생학습축제] 2차시- 케데헌 호랑이 나무 컵받침 만들기,경기도 수원시평생학습관,팔달구,전체,학습/진로,http://learning.suwon.go.kr
[수원시평생학습축제] 1차시- 케데헌 호랑이 나무 컵받침 만들기,경기도 수원시평생학습관,팔달구,전체,학습/진로,http://learning.suwon.go.kr
채운의 개념으로 읽는 철학 4분기,경기도 수원시평생학습관,팔달구,전체,기타,http://learning.suwon.go.kr
[언제든학교]향수이야기 원데이 클래스 10월,경기도 수원시평생학습관,팔달구,성인,기타,http://learning.suwon.go.kr
[독서토론]먼저 온 미래-AI 이후의 세계를 경험한 사람들,경기도 수원시평생학습관,팔달구,전체,AI/코딩,http://learning.suwon.go.kr
[조영호 명예교수] AI와 함께하는 시니어 행복멘탈코칭,경기도 수원시평생학습관,팔달구,시니어,AI/코딩,http://learning.suwon.go.kr
2025년 올해의 노벨상,경기도 수원시평생학습관,팔달구,성인,기타,http://learning.suwon.go.kr
"인권으로 노동을 본다, 노동으로 사회를 본다 [안녕, 시민]",경기도 수원시평생학습관,팔달구,전체,기타,http://learning.suwon.go.kr
[정신건강 프로젝트] 건강한 애도와 회복의 길,경기도 수원시평생학습관,팔달구,전체,기타,http://learning.suwon.go.kr
[뭐라도학교] 10월담 나는 왕이로소이다,경기도 수원시평생학습관,팔달구,시니어,기타,http://learning.suwon.go.kr
[우리들교실] 창의 전래놀이,경기도 수원시평생학습관,팔달구,시니어,기타,http://learning.suwon.go.kr
무지한스승의만남 - 프랑스어 시작,경기도 수원시평생학습관,팔달구,전체,기타,http://learning.suwon.go.kr
[언제든학교]숲해설가가 번역하는 숲의 언어,경기도 수원시평생학습관,팔달구,성인,기타,http://learning.suwon.go.kr
[언제든학교_나침반 특강]읽고 쓰는 생활_계속 읽기,경기도 수원시평생학습관,팔달구,전체,기타,http://learning.suwon.go.kr
007특강 마음의 안정을 주는 싱잉볼 명상(25년 4분기)-마감,경기도 수원시평생학습관,팔달구,성인,기타,http://learning.suwon.go.kr
[언제든학교]온라인 단편낭독 11월_배명훈「화성과 나」,경기도 수원시평생학습관,팔달구,성인,기타,http://learning.suwon.go.kr
강유원의 옥스퍼드 세계사 읽기,경기도 수원시평생학습관,팔달구,전체,기타,http://learning.suwon.go.kr
[언제든학교]교육연극으로 풀어보는 나이[듦과 삶]의 완성 4,경기도 수원시평생학습관,팔달구,성인,기타,http://learning.suwon.go.kr
[언제든학교]인생에 꼭 한번은 읽어야 할 고전 도덕경 시즌3,경기도 수원시평생학습관,팔달구,성인,기타,http://learning.suwon.go.kr
"기술은 우리를 구원하지 않는다 : 인공지능, 인간, 사회",경기도 수원시평생학습관,팔달구,전체,AI/코딩,http://learning.suwon.go.kr
[언제든학교]사계절 마음 산책-AI와 함께 마음을 노래하는 글쓰기,경기도 수원시평생학습관,팔달구,성인,AI/코딩,http://learning.suwon.go.kr
[언제든학교]즐겁게 만나는 선사시대 문화와 수원의 역사유적 나들이,경기도 수원시평생학습관,팔달구,성인,기타,http://learning.suwon.go.kr
[언제든학교]반려식물과 함께하는 행복 원예테라피,경기도 수원시평생학습관,팔달구,성인,기타,http://learning.suwon.go.kr
신한카드와 함께하는 시니어 안심 디지털 금융 실전과정(25년 4분기),경기도 수원시평생학습관,팔달구,성인,디지털/영상,http://learning.suwon.go.kr
재난의 폐허에서 일구는 삶,경기도 수원시평생학습관,팔달구,전체,기타,http://learning.suwon.go.kr
[수원시평생학습축제] 3차시- 케데헌 호랑이 나무 컵받침 만들기,경기도 수원시평생학습관,팔달구,전체,학습/진로,http://learning.suwon.go.kr
[수원시평생학습축제] AI와 함께하는 내 안의 행복찾기 멘탈코칭,경기도 수원시평생학습관,팔달구,전체,"AI/코딩,학습/진로",http://learning.suwon.go.kr
"[수원시평생학습축제] 첨단 로봇 전시 및 자율주행, 드론VR 시뮬레이션 조종 체험",경기도 수원시평생학습관,팔달구,전체,"AI/코딩,학습/진로",http://learning.suwon.go.kr
[2026년 연기]인공지능 시대 공부의 딜레마,경기도 수원시평생학습관,팔달구,전체,"AI/코딩,학습/진로",http://learning.suwon.go.kr
"우리, 나이 드는 존재 - 공부(工夫) 되기",경기도 수원시평생학습관,팔달구,전체,학습/진로,http://learning.suwon.go.kr
평생학습축제 (보리아트)무드등 만들기 오후2시반-25년 4분기,경기도 수원시평생학습관,팔달구,전체,학습/진로,http://learning.suwon.go.kr
[언제든학교_나침반 특강]읽고 쓰는 생활_막막한 독서,경기도 수원시평생학습관,팔달구,전체,기타,http://learning.suwon.go.kr
시민기획단 나침반x무지한스승의만남,경기도 수원시평생학습관,팔달구,전체,기타,http://learning.suwon.go.kr
무지한스승의만남 ? 꼬리에 꼬리를 문 건축 이야기,경기도 수원시평생학습관,팔달구,전체,기타,http://learning.suwon.go.kr
극단의 세계관을 읽다,경기도 수원시평생학습관,팔달구,성인,기타,http://learning.suwon.go.kr
[언제든학교]새로운 나를 발견하는 글쓰기 3기,경기도 수원시평생학습관,팔달구,성인,기타,http://learning.suwon.go.kr
"수원시의 기후위기 대응, 시민의 눈으로 예산을 보다 [안녕,시민]",경기도 수원시평생학습관,팔달구,전체,기타,http://learning.suwon.go.kr
[언제든학교]명화감상의 즐거움 시즌 5,경기도 수원시평생학습관,팔달구,시니어,기타,http://learning.suwon.go.kr
[언제든학교_나침반 특강]읽고 쓰는 생활_지금도 책에서만 얻을 수 있는 것,경기도 수원시평생학습관,팔달구,전체,기타,http://learning.suwon.go.kr
[언제든학교]퓨전 동양 디저트 만들기,경기도 수원시평생학습관,팔달구,성인,기타,http://learning.suwon.go.kr
[언제든학교]그림책으로 성찰하는 일과 삶 Ⅲ,경기도 수원시평생학습관,팔달구,성인,기타,http://learning.suwon.go.kr
월간 강양구 기억의 과학,경기도 수원시평생학습관,팔달구,전체,기타,http://learning.suwon.go.kr
[언제든학교]튀르키예 카파도키아 고독의 동굴 랜선 투어,경기도 수원시평생학습관,팔달구,성인,기타,http://learning.suwon.go.kr
[언제든학교]스피치 훈련 3,경기도 수원시평생학습관,팔달구,전체,기타,http://learning.suwon.go.kr
[언제든학교]이탈리아 랜선 여행_로마,경기도 수원시평생학습관,팔달구,전체,기타,http://learning.suwon.go.kr
아무튼 인터뷰 ? 나는 내가 만난 사람의 총합이다,경기도 수원시평생학습관,팔달구,전체,기타,http://learning.suwon.go.kr
[경제교육 전문가 특강] 시니어를 위한 행복한 경제교육,경기도 수원시평생학습관,팔달구,시니어,기타,http://learning.suwon.go.kr
[언제든학교]향수이야기 원데이 클래스 12월,경기도 수원시평생학습관,팔달구,성인,기타,http://learning.suwon.go.kr
"우리가 놓친 시간, 남성은 왜 관계에서 길을 잃었는가 [안녕, 시민]",경기도 수원시평생학습관,팔달구,전체,기타,http://learning.suwon.go.kr
"AI와 기후의 미래 - 디지털 과잉 함정에 빠진 한국, 더 위험해진 기후",경기도 수원시평생학습관,팔달구,전체,"AI/코딩,디지털/영상",http://learning.suwon.go.kr
안전한 거북이_올바른 공구 및 기계사용법(25년 4분기),경기도 수원시평생학습관,팔달구,성인,기타,http://learning.suwon.go.kr
황정은독서토론-시민기획단 나침반이 뽑은 올해의 책,경기도 수원시평생학습관,팔달구,전체,기타,http://learning.suwon.go.kr
"인공지능과 읽기 쓰기의 변화, 그리고 나의 리터러시 생태계 가꾸기",경기도 수원시평생학습관,팔달구,전체,AI/코딩,http://learning.suwon.go.kr
[독서토론] 빅터 프랭클의 죽음의 수용소에서,경기도 수원시평생학습관,팔달구,전체,기타,http://learning.suwon.go.kr
"낙인과 혐오를 넘어 감염을 새롭게 보기 : HIV, 감염 그리고 질병과 함께 미래 짓기",경기도 수원시평생학습관,팔달구,성인,기타,http://learning.suwon.go.kr
무지한스승의만남 글쓰기 - 브런치 작가반,경기도 수원시평생학습관,팔달구,전체,기타,http://learning.suwon.go.kr
[나누는 거북이] 작업대 만들기,경기도 수원시평생학습관,팔달구,성인,기타,http://learning.suwon.go.kr
"인공지능과 노동 : AI가 대체하는, 대체 못하는 노동",경기도 수원시평생학습관,팔달구,전체,AI/코딩,http://learning.suwon.go.kr
[언제든학교]향수이야기 원데이 클래스 11월,경기도 수원시평생학습관,팔달구,성인,기타,http://learning.suwon.go.kr
[언제든학교_나침반 특강]읽고 쓰는 생활_마지네일리아의 거주자,경기도 수원시평생학습관,팔달구,전체,기타,http://learning.suwon.go.kr
AI블루: 사람들은 어떤 마음으로 AI를 경험하는가,경기도 수원시평생학습관,팔달구,전체,AI/코딩,http://learning.suwon.go.kr
무지한스승의만남 프리뷰 아트?바스키아 스터디 모임,경기도 수원시평생학습관,팔달구,전체,기타,http://learning.suwon.go.kr
[뭐라도학교] 11월담 K팝 속 우리미술,경기도 수원시평생학습관,팔달구,시니어,예술/문화,http://learning.suwon.go.kr
우리들교실 시니어 컴퓨터 교실 Ⅱ,경기도 수원시평생학습관,팔달구,시니어,디지털/영상,http://learning.suwon.go.kr
유전생명공학 : 먹거리부터 의약품까지,경기도 수원시평생학습관,팔달구,전체,기타,http://learning.suwon.go.kr
[뭐라도학교] 2025년 결산  뭐라도하는밤에 초대합니다.,경기도 수원시평생학습관,팔달구,전체,기타,http://learning.suwon.go.kr
25년 하반기 클래식기타 연주회(경기기타오케스트라),경기도 수원시평생학습관,팔달구,전체,기타,http://learning.suwon.go.kr
(온라인)수원시평생학습관 2026년 프로그램 설명회,경기도 수원시평생학습관,팔달구,전체,학습/진로,http://learning.suwon.go.kr
[25년 4분기 문화초대석]클래식기타(강좌 종강일 초대),경기도 수원시평생학습관,팔달구,전체,기타,http://learning.suwon.go.kr
무지한스승의만남 - 버킷리스트&습관 만들기,경기도 수원시평생학습관,팔달구,전체,기타,http://learning.suwon.go.kr
지식큐레이터 강양구 기자의 2025년 올해의 책,경기도 수원시평생학습관,팔달구,성인,기타,http://learning.suwon.go.kr
수원시평생학습관 2026년 프로그램 설명회(대면),경기도 수원시평생학습관,팔달구,전체,학습/진로,http://learning.suwon.go.kr
[오픈데이 북토크]여자 둘의 읽고 쓰고 듣고 말하는 삶,경기도 수원시평생학습관,팔달구,전체,기타,http://learning.suwon.go.kr
여러분의 목적은 재미있는 시간을 보내는 것입니다: 독서+ 에세이 쓰기+ SF+ 보드게임,경기도 수원시평생학습관,팔달구,전체,기타,http://learning.suwon.go.kr
[수원시평생학습축제]나무트레이 만들기_1차시,경기도 수원시평생학습관,팔달구,전체,학습/진로,http://learning.suwon.go.kr
AI시대 노동의 지각 변동 : 감정 노동을 중심으로,경기도 수원시평생학습관,팔달구,전체,AI/코딩,http://learning.suwon.go.kr
[수원시 신중년 인생이모작 지원센터]와 함께하는 생애설계상담(일자리상담) 11/19(화),경기도 수원시평생학습관,팔달구,성인,기타,http://learning.suwon.go.kr
글쓰기를 위하여,경기도 수원시평생학습관,팔달구,전체,기타,http://learning.suwon.go.kr
베이시스트 정수민 공연 - Lament,경기도 수원시평생학습관,팔달구,전체,기타,http://learning.suwon.go.kr
나를 이해하는 시간 에니어그램(성격유형검사) 6기,경기도 수원시평생학습관,팔달구,전체,기타,http://learning.suwon.go.kr
영화로 만나는 돌봄과 인권,경기도 수원시평생학습관,팔달구,전체,기타,http://learning.suwon.go.kr
[12월 11일] 지능로봇리빙랩 로봇&드론 일일체험,경기도 수원시평생학습관,팔달구,전체,AI/코딩,http://learning.suwon.go.kr
계속 살아가는 사람들 - 싱어송라이터 정밀아 공연,경기도 수원시평생학습관,팔달구,전체,기타,http://learning.suwon.go.kr
디지털문해 강사 역량강화 교육과 워크숍,경기도 수원시평생학습관,팔달구,성인,디지털/영상,http://learning.suwon.go.kr
나를 이해하는 시간 에니어그램(성격유형검사) 5기,경기도 수원시평생학습관,팔달구,전체,기타,http://learning.suwon.go.kr
다문화사회의 음영+ 차별 구조 속 이주노동자,경기도 수원시평생학습관,팔달구,전체,기타,http://learning.suwon.go.kr
미래를 먼저 경험했습니다 - 아프간 난민과 함께 한 울산의 1년,경기도 수원시평생학습관,팔달구,전체,기타,http://learning.suwon.go.kr
언어를 횡단하며 살아가는 삶: 영어+ 일본어+ 한국어를 넘어다니기,경기도 수원시평생학습관,팔달구,전체,학습/진로,http://learning.suwon.go.kr
쓱~ 읽고+ 싹 이해하는 문해력 트레이닝,경기도 수원시평생학습관,팔달구,성인,기타,http://learning.suwon.go.kr
[11월 27일] 지능로봇리빙랩 로봇&드론 일일체험,경기도 수원시평생학습관,팔달구,전체,AI/코딩,http://learning.suwon.go.kr
[기관협력] 감정돌봄- 우울+ 불안+ 분노 다스리기,경기도 수원시평생학습관,팔달구,전체,기타,http://learning.suwon.go.kr
소설의 음계+ 삶의 사계,경기도 수원시평생학습관,팔달구,전체,기타,http://learning.suwon.go.kr
나를 이해하는 시간 에니어그램(성격유형검사) 4기,경기도 수원시평생학습관,팔달구,전체,기타,http://learning.suwon.go.kr
양육자가 알아야 할 성교육 첫걸음,경기도 수원시평생학습관,팔달구,전체,기타,http://learning.suwon.go.kr
[11월 월담] 수원팔색길과 함께하는 감성여행,경기도 수원시평생학습관,팔달구,전체,기타,http://learning.suwon.go.kr
[11월 20일] 지능로봇리빙랩 로봇&드론 일일체험,경기도 수원시평생학습관,팔달구,전체,AI/코딩,http://learning.suwon.go.kr
[수원시평생학습축제]나무트레이 만들기_2차시,경기도 수원시평생학습관,팔달구,전체,학습/진로,http://learning.suwon.go.kr
[우리들교실] 창의 전래놀이,경기도 수원시평생학습관,팔달구,전체,기타,http://learning.suwon.go.kr
[우리들교실] 여행& 인물 스케치 교실,경기도 수원시평생학습관,팔달구,전체,기타,http://learning.suwon.go.kr
[장애청년] 어깨동무 경제교실,경기도 수원시평생학습관,팔달구,기타,기타,http://learning.suwon.go.kr
[우리들교실] 시니어 컴퓨터 교실,경기도 수원시평생학습관,팔달구,시니어,디지털/영상,http://learning.suwon.go.kr
손희정의 문화 비평 : 응원봉 광장 이후,경기도 수원시평생학습관,팔달구,전체,기타,http://learning.suwon.go.kr
[액티브시티어아카데미] 뭐라도학교 입문과정,경기도 수원시평생학습관,팔달구,시니어,기타,http://learning.suwon.go.kr
드론 입문자를 위한 기초 이론 교육,경기도 수원시평생학습관,팔달구,전체,기타,http://learning.suwon.go.kr
CARLA 시뮬레이터를 이용한 자율주행 실습,경기도 수원시평생학습관,팔달구,성인,기타,http://learning.suwon.go.kr
[언제든학교]명화감상의 즐거움2 : 르네상스와 바로크,경기도 수원시평생학습관,팔달구,성인,기타,http://learning.suwon.go.kr
강유원의 우리시대 사상사로 읽는 원전,경기도 수원시평생학습관,팔달구,전체,기타,http://learning.suwon.go.kr
[서종남교수의 문학아카데미] 오후반- 행복한 글쓰기 프로젝트 ON,경기도 수원시평생학습관,팔달구,전체,기타,http://learning.suwon.go.kr
[서종남교수의 문학아카데미] 오전반- 행복한 글쓰기 프로젝트 ON,경기도 수원시평생학습관,팔달구,전체,기타,http://learning.suwon.go.kr
[우리들교실] 쉘위훌라 건강댄스,경기도 수원시평생학습관,팔달구,전체,기타,http://learning.suwon.go.kr
[우리들교실] 아랑고고장구 & 민요,경기도 수원시평생학습관,팔달구,전체,기타,http://learning.suwon.go.kr
[뭐라도학교] 2024년 결산 뭐라도하는밤,경기도 수원시평생학습관,팔달구,전체,기타,http://learning.suwon.go.kr
2024년 송년음악회(경기클래식 기타 연합연주회),경기도 수원시평생학습관,팔달구,전체,예술/문화,http://learning.suwon.go.kr
지식큐레이터 강양구 기자의 2024년 올해의 책,경기도 수원시평생학습관,팔달구,전체,기타,http://learning.suwon.go.kr
월간 강양구 : 우리시대 과학 읽기,경기도 수원시평생학습관,팔달구,전체,기타,http://learning.suwon.go.kr
[1월 월담] 100세시대 인생2막 행복놀이터,경기도 수원시평생학습관,팔달구,전체,기타,http://learning.suwon.go.kr
[언제든학교]미술과 친해지기 : 그리스로마 조각부터,경기도 수원시평생학습관,팔달구,성인,예술/문화,http://learning.suwon.go.kr
채운의 개념으로 읽는 철학,경기도 수원시평생학습관,팔달구,전체,기타,http://learning.suwon.go.kr
[언제든학교]감성융합 원예테라피 : 꽃예술문화사 시즌3,경기도 수원시평생학습관,팔달구,성인,기타,http://learning.suwon.go.kr
[언제든학교]유투공 : 스피치 훈련,경기도 수원시평생학습관,팔달구,성인,기타,http://learning.suwon.go.kr
[언제든학교]북토크 : 경제도서 같이 읽기,경기도 수원시평생학습관,팔달구,성인,기타,http://learning.suwon.go.kr
[언제든학교]짧은 소설 긴 수다 시즌9,경기도 수원시평생학습관,팔달구,성인,기타,http://learning.suwon.go.kr
장석준과 세계 읽기,경기도 수원시평생학습관,팔달구,전체,기타,http://learning.suwon.go.kr
[언제든학교]명리학과 동의보감으로 배우는 인문학 : 자연의 이치에 맞게 잘 사는 법,경기도 수원시평생학습관,팔달구,성인,기타,http://learning.suwon.go.kr
[언제든학교]단편낭독 1월 : 조이스 캐롤 오츠,경기도 수원시평생학습관,팔달구,성인,기타,http://learning.suwon.go.kr
[원데이클래스]나무 다이어리 만들기(오후),경기도 수원시평생학습관,팔달구,전체,기타,http://learning.suwon.go.kr
[원데이클래스]나무 다이어리 만들기(오전),경기도 수원시평생학습관,팔달구,전체,기타,http://learning.suwon.go.kr
[언제든학교]화목낭독 : 그리스 로마 에세이,경기도 수원시평생학습관,팔달구,성인,기타,http://learning.suwon.go.kr
"한글 서예 쓰기-경호체, 사경서예(1/16 10시부터 접수가능)",경기도 수원시평생학습관,팔달구,성인,기타,http://learning.suwon.go.kr
[언제든학교]나 자신을 마주하는 안식년 : 제 2의 인생을 위하여,경기도 수원시평생학습관,팔달구,성인,기타,http://learning.suwon.go.kr
강유원의 옥스포드 세계사 읽기,경기도 수원시평생학습관,팔달구,전체,기타,http://learning.suwon.go.kr
[언제든학교]단편낭독 2월 : 올가 토카르추크,경기도 수원시평생학습관,팔달구,성인,기타,http://learning.suwon.go.kr
[언제든학교]함께 공부하는 한자&고사성어(2월),경기도 수원시평생학습관,팔달구,성인,학습/진로,http://learning.suwon.go.kr
[언제든학교]조향사와 함께하는 향수 이야기 2 : 나의 향기 찾기,경기도 수원시평생학습관,팔달구,성인,기타,http://learning.suwon.go.kr
[언제든학교]쉽고 재미있는 시니어 건강체조&레크리에이션,경기도 수원시평생학습관,팔달구,시니어,기타,http://learning.suwon.go.kr
[제4회 영화로운 시네마_경계를 넘어서] 4일차 10:00_애니멀 킹덤(15세 관람가),경기도 수원시평생학습관,팔달구,성인,기타,http://learning.suwon.go.kr
[제4회 영화로운 시네마_경계를 넘어서] 4일차 19:00_구제역에서 살아 돌아온 돼지(15세 관람가),경기도 수원시평생학습관,팔달구,성인,기타,http://learning.suwon.go.kr
[언제든학교]그림책으로 성찰하는 일과 삶,경기도 수원시평생학습관,팔달구,성인,기타,http://learning.suwon.go.kr
[9월 5일] 지능로봇리빙랩 로봇&드론 일일체험,경기도 수원시평생학습관,팔달구,전체,AI/코딩,http://learning.suwon.go.kr
[제4회 영화로운 시네마_경계를 넘어서] 3일차 19:00 _자전거 탄 소년(12세 관람가),경기도 수원시평생학습관,팔달구,전체,기타,http://learning.suwon.go.kr
[제4회 영화로운 시네마_경계를 넘어서] 3일차 10:00_두 사람을 위한 식탁(12세 관람가),경기도 수원시평생학습관,팔달구,전체,기타,http://learning.suwon.go.kr
[제4회 영화로운 시네마_경계를 넘어서] 2일차 19:00 _홍이,경기도 수원시평생학습관,팔달구,전체,기타,http://learning.suwon.go.kr
"[제4회 영화로운 시네마_경계를 넘어서] 2일차 11:00 _안경, 존재의 집, 서클",경기도 수원시평생학습관,팔달구,전체,기타,http://learning.suwon.go.kr
[언제든학교]온라인 단편낭독 9월 도리스 레싱 「사랑하는 습관」,경기도 수원시평생학습관,팔달구,성인,기타,http://learning.suwon.go.kr
"수원특례시, 어디까지 왔고 어디로 가야하나?",경기도 수원시평생학습관,팔달구,전체,기타,http://learning.suwon.go.kr
[원데이클래스] 냄비받침 만들기,경기도 수원시평생학습관,팔달구,성인,기타,http://learning.suwon.go.kr
[둘둘셋프로젝트]색과 이미지로 나를 수용하고 돌보다.,경기도 수원시평생학습관,팔달구,성인,기타,http://learning.suwon.go.kr
"[제4회 영화로운 시네마_경계를 넘어서] 1일차_첫여름, 백차와 우롱차, 겨우살이",경기도 수원시평생학습관,팔달구,전체,기타,http://learning.suwon.go.kr
[제4회 영화로운 시네마_경계를 넘어서] 여는 강연_영화와 책을 겹쳐 읽는 감각,경기도 수원시평생학습관,팔달구,전체,기타,http://learning.suwon.go.kr
[언제든학교]내 인생의 CEO가 되는 4주 프로젝트,경기도 수원시평생학습관,팔달구,성인,기타,http://learning.suwon.go.kr
무지한스승의만남 - 기획단 모집 저녁반,경기도 수원시평생학습관,팔달구,전체,기타,http://learning.suwon.go.kr
[둘둘셋프로젝트]박물관 도슨트와 함께 떠나는 도자기 여행,경기도 수원시평생학습관,팔달구,성인,기타,http://learning.suwon.go.kr
[조영호 명예교수 특강] AI와 함께하는 시니어 행복멘탈코칭,경기도 수원시평생학습관,팔달구,시니어,AI/코딩,http://learning.suwon.go.kr
[언제든학교]교육연극으로 준비하는 건강한 노년,경기도 수원시평생학습관,팔달구,성인,기타,http://learning.suwon.go.kr
[언제든학교]단편낭독 3월 : 마거릿 애트우드,경기도 수원시평생학습관,팔달구,성인,기타,http://learning.suwon.go.kr
[언제든학교]함께 공부하는 한자&고사성어(3월),경기도 수원시평생학습관,팔달구,성인,학습/진로,http://learning.suwon.go.kr
[2월 월담] 맨발걷기의 태동과 현황,경기도 수원시평생학습관,팔달구,시니어,기타,http://learning.suwon.go.kr
[조영호교수 특강] 시니어 행복멘탈코칭,경기도 수원시평생학습관,팔달구,시니어,기타,http://learning.suwon.go.kr
영화로 보는 중국의 역사와 문화,경기도 수원시평생학습관,팔달구,성인,기타,http://learning.suwon.go.kr
[언제든학교]혈자리로 건강찾기 : 새롭게 나를 만나는 시간 3기,경기도 수원시평생학습관,팔달구,성인,기타,http://learning.suwon.go.kr
[언제든학교]시 읽는 즐거움,경기도 수원시평생학습관,팔달구,성인,기타,http://learning.suwon.go.kr
[언제든학교]단편낭독 4월 : 최진영 「쓰게 될 것」,경기도 수원시평생학습관,팔달구,성인,기타,http://learning.suwon.go.kr
[언제든학교]쉽고 재미있는 시니어 건강체조&레크리에이션 시즌2,경기도 수원시평생학습관,팔달구,시니어,기타,http://learning.suwon.go.kr
[언제든학교]명화감상의 즐거움 시즌3,경기도 수원시평생학습관,팔달구,성인,기타,http://learning.suwon.go.kr
[언제든학교]조향사와 함께하는 향수이야기 시즌3,경기도 수원시평생학습관,팔달구,성인,기타,http://learning.suwon.go.kr
[원데이클래스] 캠핑 사이드테이블 만들기,경기도 수원시평생학습관,팔달구,성인,기타,http://learning.suwon.go.kr
이현호 시창작 교실 : 젠가식 시 쓰기,경기도 수원시평생학습관,팔달구,전체,예술/문화,http://learning.suwon.go.kr
[오후반] 서종남교수의 문학아카데미 행복한 글쓰기 프로젝트 ON,경기도 수원시평생학습관,팔달구,전체,기타,http://learning.suwon.go.kr
[오전반] 서종남교수의 문학아카데미 행복한 글쓰기 프로젝트 ON,경기도 수원시평생학습관,팔달구,전체,기타,http://learning.suwon.go.kr
나는 평온하게 죽고 싶습니다 : 말기 돌봄과 죽음의 현실에 관하여,경기도 수원시평생학습관,팔달구,전체,기타,http://learning.suwon.go.kr
북토크-이타주의자 선언 : 공적 슬픔과 타인의 발견,경기도 수원시평생학습관,팔달구,전체,기타,http://learning.suwon.go.kr
"참여형민주시민교육[안녕, 시민] 양육자가 알아야 할 성교육 첫걸음",경기도 수원시평생학습관,팔달구,전체,기타,http://learning.suwon.go.kr
[3월 월담] 전통혼례와 현대혼례와의 융합,경기도 수원시평생학습관,팔달구,시니어,기타,http://learning.suwon.go.kr
[특별 기획 강좌] 수원시민학부모 멘탈코칭,경기도 수원시평생학습관,팔달구,전체,기타,http://learning.suwon.go.kr
강유원의 2분기,경기도 수원시평생학습관,팔달구,전체,기타,http://learning.suwon.go.kr
[언제든학교]화목낭독 : 허먼 멜빌「모비딕」,경기도 수원시평생학습관,팔달구,성인,기타,http://learning.suwon.go.kr
아두이노를 활용한 드론 기초 코딩 [성균관대학교],경기도 수원시평생학습관,팔달구,성인,AI/코딩,http://learning.suwon.go.kr
[우리들교실] 시니어 쉘위훌라 건강댄스,경기도 수원시평생학습관,팔달구,시니어,기타,http://learning.suwon.go.kr
"외로움의 습격 : 모두, 홀로 남겨질 것이다",경기도 수원시평생학습관,팔달구,전체,기타,http://learning.suwon.go.kr
[언제든학교]미술과 친해지기(건축편),경기도 수원시평생학습관,팔달구,성인,예술/문화,http://learning.suwon.go.kr
책으로 여행하다 : 오독오독 책읽기,경기도 수원시평생학습관,팔달구,전체,기타,http://learning.suwon.go.kr
[언제든학교]혈자리로 건강찾기 시즌4(심화반),경기도 수원시평생학습관,팔달구,성인,기타,http://learning.suwon.go.kr
[원데이클래스] 안전한 거북이_올바른 공구 사용법,경기도 수원시평생학습관,팔달구,성인,기타,http://learning.suwon.go.kr
[우리들교실] 시니어 여행 & 인물 스케치 교실,경기도 수원시평생학습관,팔달구,시니어,기타,http://learning.suwon.go.kr
"[언제든학교]그해 겨울, 세계를 사로잡은 문학: 한강 소설 함께 읽기 & 상영회",경기도 수원시평생학습관,팔달구,성인,기타,http://learning.suwon.go.kr
[우리들교실] 시니어 아랑 고고장구&민요,경기도 수원시평생학습관,팔달구,시니어,기타,http://learning.suwon.go.kr
어깨동무 장애 청년 경제 교실,경기도 수원시평생학습관,팔달구,기타,기타,http://learning.suwon.go.kr
"북토크-다민족 사회 대한민국 : 이주민, 차별, 인종주의",경기도 수원시평생학습관,팔달구,전체,기타,http://learning.suwon.go.kr
[언제든학교]혈자리로 건강찾기 : 새롭게 나를 만나는 시간 시즌2,경기도 수원시평생학습관,팔달구,성인,기타,http://learning.suwon.go.kr
[10월 월담] 민요+ 장구와 함께하는 가을여행,경기도 수원시평생학습관,팔달구,전체,기타,http://learning.suwon.go.kr
사회지리학2,경기도 수원시평생학습관,팔달구,전체,기타,http://learning.suwon.go.kr
[언제든학교]단편낭독 10월: 밀란 쿤데라,경기도 수원시평생학습관,팔달구,성인,기타,http://learning.suwon.go.kr
[경희대 아프리카 연구센터] 발라드 in 아프리카,경기도 수원시평생학습관,팔달구,전체,기타,http://learning.suwon.go.kr
[우리들교실] 사진과 함께하는 세계여행,경기도 수원시평생학습관,팔달구,전체,기타,http://learning.suwon.go.kr
[언제든학교]힐링스피치 시즌4,경기도 수원시평생학습관,팔달구,성인,기타,http://learning.suwon.go.kr
[기관협력- 오후반] 서종남교수의 행복한 글쓰기 프로젝트 ON,경기도 수원시평생학습관,팔달구,전체,기타,http://learning.suwon.go.kr
[기관협력- 오전반] 서종남교수의 행복한 글쓰기 프로젝트 ON,경기도 수원시평생학습관,팔달구,전체,기타,http://learning.suwon.go.kr
[우리들교실] 쉘위훌라 건강댄스,경기도 수원시평생학습관,팔달구,전체,기타,http://learning.suwon.go.kr
[우리들교실] 창의 전래놀이,경기도 수원시평생학습관,팔달구,전체,기타,http://learning.suwon.go.kr
누구나 쉽게 배우는 온비드 공매(저녁),경기도 수원시평생학습관,팔달구,성인,기타,http://learning.suwon.go.kr
인생의 가을과 겨울을 살아내기 : 노년과 죽음에 관한 고전 읽기,경기도 수원시평생학습관,팔달구,전체,기타,http://learning.suwon.go.kr
예술로 친환경하기_폐플라스틱 키링 만들기,경기도 수원시평생학습관,팔달구,전체,기타,http://learning.suwon.go.kr
풍요로운 노후생활을 위한 노후재무상식,경기도 수원시평생학습관,팔달구,성인,기타,http://learning.suwon.go.kr
일상적 참사는 우리 몸과 마음에 무엇을 남기는가,경기도 수원시평생학습관,팔달구,전체,기타,http://learning.suwon.go.kr
[기관협력] 마음건강클래스 - 스트레스 풀기,경기도 수원시평생학습관,팔달구,전체,기타,http://learning.suwon.go.kr
[언제든학교]삶을 조화롭게 하는 동양인문학,경기도 수원시평생학습관,팔달구,성인,기타,http://learning.suwon.go.kr
제로웨이스트 설거지바 만들기,경기도 수원시평생학습관,팔달구,성인,기타,http://learning.suwon.go.kr
코스모스 읽기-과학의 눈으로 인류 이해하기,경기도 수원시평생학습관,팔달구,성인,기타,http://learning.suwon.go.kr
대한민국 재난의 탄생 과학기술학의 관점으로 진단한 기술 재난과 한국 사회의 현주소,경기도 수원시평생학습관,팔달구,전체,기타,http://learning.suwon.go.kr
여성혐오 폭력에 맞서 : 어디서든 평온한 일상을 꿈꾸다,경기도 수원시평생학습관,팔달구,성인,기타,http://learning.suwon.go.kr
나를 이해하는 시간 에니어그램(성격유형검사) 1기,경기도 수원시평생학습관,팔달구,전체,기타,http://learning.suwon.go.kr
인구학 강의 : 미디어에서 소비되는 ‘출산’,경기도 수원시평생학습관,팔달구,전체,디지털/영상,http://learning.suwon.go.kr
월간 강양구 3분기,경기도 수원시평생학습관,팔달구,전체,기타,http://learning.suwon.go.kr
[성인반 특강] AI 앱 제작과 모듈형 로봇 원격제어 교육,경기도 수원시평생학습관,팔달구,성인,AI/코딩,http://learning.suwon.go.kr
[청소년 여름방학 특강] AI 앱 제작과 모듈형 로봇 원격제어 교육,경기도 수원시평생학습관,팔달구,청소년,AI/코딩,http://learning.suwon.go.kr
[7월 25일] 지능로봇리빙랩 로봇&드론 일일체험,경기도 수원시평생학습관,팔달구,전체,AI/코딩,http://learning.suwon.go.kr
채운의 개념으로 읽는 철학 3분기,경기도 수원시평생학습관,팔달구,전체,기타,http://learning.suwon.go.kr
[뭐라도학교] 7월 월담 신중년의 여가생활,경기도 수원시평생학습관,팔달구,시니어,기타,http://learning.suwon.go.kr
장석준과 3분기- 불평등,경기도 수원시평생학습관,팔달구,전체,기타,http://learning.suwon.go.kr
[프로젝트] 나누는 거북이_작은 대나무 통 만들기,경기도 수원시평생학습관,팔달구,성인,기타,http://learning.suwon.go.kr
[언제든학교]짧은 소설 긴 수다 저녁,경기도 수원시평생학습관,팔달구,성인,기타,http://learning.suwon.go.kr
[언제든학교]짧은 소설 긴 수다 시즌11,경기도 수원시평생학습관,팔달구,성인,기타,http://learning.suwon.go.kr
[언제든학교]혈자리로 건강찾기 새나시 6기,경기도 수원시평생학습관,팔달구,성인,기타,http://learning.suwon.go.kr
[언제든학교]내 인생에게 묻는다 자문자답 글쓰기(새로운 나를 발견하는 글쓰기 2기),경기도 수원시평생학습관,팔달구,성인,기타,http://learning.suwon.go.kr
[8월 22일] 지능로봇리빙랩 로봇&드론 일일체험,경기도 수원시평생학습관,팔달구,전체,AI/코딩,http://learning.suwon.go.kr
"함께 그려보는 교육의 미래 [안녕, 시민]",경기도 수원시평생학습관,팔달구,전체,기타,http://learning.suwon.go.kr
[뭐라도학교] 8월 월담 나는 이렇게 살았다.,경기도 수원시평생학습관,팔달구,시니어,기타,http://learning.suwon.go.kr
[언제든학교]인생에 꼭 한번은 읽어야 할 고전 도덕경 시즌2,경기도 수원시평생학습관,팔달구,성인,기타,http://learning.suwon.go.kr
무지한스승의만남 - 스페인어 시작,경기도 수원시평생학습관,팔달구,전체,기타,http://learning.suwon.go.kr
시읽기 시쓰기 모임 여백 2명 충원,경기도 수원시평생학습관,팔달구,성인,기타,http://learning.suwon.go.kr
[정신건강 프로젝트] 타인과 건강하게 거리 두기,경기도 수원시평생학습관,팔달구,전체,기타,http://learning.suwon.go.kr
[8월 8일] 지능로봇리빙랩 로봇&드론 일일체험,경기도 수원시평생학습관,팔달구,전체,AI/코딩,http://learning.suwon.go.kr
[언제든학교]온라인 단편낭독 8월 윌리엄 트레버 「마지막 이야기들」,경기도 수원시평생학습관,팔달구,성인,기타,http://learning.suwon.go.kr
[방학특강] 꼬마 거북이_딱따구리 도어노크 만들기,경기도 수원시평생학습관,팔달구,어린이,기타,http://learning.suwon.go.kr
MZ세대 인생 첫 부동산 바로알기 교육[온라인],경기도 수원시평생학습관,팔달구,전체,기타,http://learning.suwon.go.kr
[25년 3분기007 특강]바람결~보리결~ 부채 디자인 하기(마감),경기도 수원시평생학습관,팔달구,성인,기타,http://learning.suwon.go.kr
안전한 거북이_올바른 공구사용법(25년 3분기),경기도 수원시평생학습관,팔달구,성인,기타,http://learning.suwon.go.kr
수원시민 학부모 멘탈코칭 특강,경기도 수원시평생학습관,팔달구,성인,기타,http://learning.suwon.go.kr
망가진 세계에서 우리는 : SF로 살펴보는 과학-기술-사회,경기도 수원시평생학습관,팔달구,전체,기타,http://learning.suwon.go.kr
안목 있는 독자 되기 ? 어떻게 읽을 것인가,경기도 수원시평생학습관,팔달구,성인,기타,http://learning.suwon.go.kr
"[언제든학교]고인돌에서 화성까지, 수원시 타임머신 여행",경기도 수원시평생학습관,팔달구,성인,기타,http://learning.suwon.go.kr
옥상영화관(튠어라운드 공연&리틀 포레스트 상영)-장소변경: 평생학습관 1관 대강당,경기도 수원시평생학습관,팔달구,전체,학습/진로,http://learning.suwon.go.kr
현기영 작가 북토크 사전 독서모임 with 시민기획단 나침반,경기도 수원시평생학습관,팔달구,전체,기타,http://learning.suwon.go.kr
"[둘둘셋프로젝트]실로 엮는 섬세한 찻잔받침 만들기, 태팅레이스",경기도 수원시평생학습관,팔달구,성인,기타,http://learning.suwon.go.kr
무지한스승의만남 - 기획단 모집 오전반,경기도 수원시평생학습관,팔달구,전체,기타,http://learning.suwon.go.kr
[언제든학교]우리쌀로 빚는 떡 만들기,경기도 수원시평생학습관,팔달구,성인,기타,http://learning.suwon.go.kr
강유원의 3분기,경기도 수원시평생학습관,팔달구,전체,기타,http://learning.suwon.go.kr
[마감되었습니다] 오래쓰기 프로젝트_나무 도마,경기도 수원시평생학습관,팔달구,전체,기타,http://learning.suwon.go.kr
[우리들교실] 여행&인물스케치,경기도 수원시평생학습관,팔달구,시니어,기타,http://learning.suwon.go.kr
마감 007특강 추석맞이 국화주 빚기(25년 4분기),경기도 수원시평생학습관,팔달구,성인,기타,http://learning.suwon.go.kr
[언제든학교_나침반 특강]노벨문학상 수상작 읽기_토니 모리슨,경기도 수원시평생학습관,팔달구,성인,기타,http://learning.suwon.go.kr
[언제든학교]온라인 단편낭독 10월_정보라 「너의 유토피아」,경기도 수원시평생학습관,팔달구,성인,기타,http://learning.suwon.go.kr
"여성혐오 폭력과 발전주의 국가, 젠더, SNS",경기도 수원시평생학습관,팔달구,성인,기타,http://learning.suwon.go.kr
[언제든학교]쉽고 재미있는 시니어 건강체조&레크리에이션 4,경기도 수원시평생학습관,팔달구,시니어,기타,http://learning.suwon.go.kr
이현호 시인의 쓰고 읽고 만나고 사는 말들에 관하여,경기도 수원시평생학습관,팔달구,전체,기타,http://learning.suwon.go.kr
[25년 3분기007 특강]케이팝 데몬 헌터즈 호랑이 그리기(마감아님 접수중 ~9/8),경기도 수원시평생학습관,팔달구,성인,기타,http://learning.suwon.go.kr
함께읽기 독서모임 기획단 과정,경기도 수원시평생학습관,팔달구,전체,기타,http://learning.suwon.go.kr
무지한스승의만남 - 일본어 시작,경기도 수원시평생학습관,팔달구,전체,기타,http://learning.suwon.go.kr
2025년 청년의 날 원데이 클래스_반려식물과 함께하는 행복 원예테라피,경기도 수원시평생학습관,팔달구,성인,기타,http://learning.suwon.go.kr
[9월 19일] 지능로봇리빙랩 로봇&드론 일일체험,경기도 수원시평생학습관,팔달구,전체,AI/코딩,http://learning.suwon.go.kr
"‘제로’일수록 좋은 것 [안녕, 시민]",경기도 수원시평생학습관,팔달구,전체,기타,http://learning.suwon.go.kr
소설 현기영 작가 북토크,경기도 수원시평생학습관,팔달구,전체,기타,http://learning.suwon.go.kr
[뭐라도학교] 9월 월담 한국의 철새,경기도 수원시평생학습관,팔달구,시니어,기타,http://learning.suwon.go.kr
[수원시평생학습축제]혈자리와 마사지볼로 건강찾기(언제든학교기획단 릴레이 강좌_오후2)) :,경기도 수원시평생학습관,팔달구,성인,학습/진로,http://learning.suwon.go.kr
[수원시평생학습축제]식물과 정원과 삶(언제든학교기획단 릴레이 강좌_오후1),경기도 수원시평생학습관,팔달구,성인,학습/진로,http://learning.suwon.go.kr
[수원시평생학습축제]친환경을 실천하는 냄비받침+ 홍차와 밀크티+ 내 인생의 답을 찾는 동양인문학(언제든학교기획단 릴레이 강좌_오전),경기도 수원시평생학습관,팔달구,성인,학습/진로,http://learning.suwon.go.kr
AI 기본개념과 프롬프트 엔지니어링 사용 기초,경기도 수원시평생학습관,팔달구,성인,AI/코딩,http://learning.suwon.go.kr
[평생학습축제강좌]신통방통 테이핑(치매예방편),경기도 수원시평생학습관,팔달구,전체,학습/진로,http://learning.suwon.go.kr
[평생학습축제강좌]신통방통 테이핑(미용_주름과 다이어트편),경기도 수원시평생학습관,팔달구,전체,학습/진로,http://learning.suwon.go.kr
[평생학습축제강좌]신통방통 테이핑(응급처치편),경기도 수원시평생학습관,팔달구,전체,학습/진로,http://learning.suwon.go.kr
나를 이해하는 시간 에니어그램(성격유형검사) 2기,경기도 수원시평생학습관,팔달구,전체,기타,http://learning.suwon.go.kr
[수원시평생학습축제]나무트레이 만들기_3차시,경기도 수원시평생학습관,팔달구,전체,학습/진로,http://learning.suwon.go.kr
손희정의 영화 비평,경기도 수원시평생학습관,팔달구,전체,기타,http://learning.suwon.go.kr
"음악미학과 오디오 소리의 본질, 그리고 클래식 감상",경기도 수원시평생학습관,팔달구,전체,예술/문화,http://learning.suwon.go.kr
자율주행 LiDAR 인지 솔루션과 센서 융합 기술의 이해,경기도 수원시평생학습관,팔달구,성인,기타,http://learning.suwon.go.kr
모두의 AI(인공지능) 피지컬 컴퓨팅,경기도 수원시평생학습관,팔달구,성인,AI/코딩,http://learning.suwon.go.kr
[우리들교실] 시니어 컴퓨터 교실,경기도 수원시평생학습관,팔달구,시니어,디지털/영상,http://learning.suwon.go.kr
[우리들교실] 창의 전래놀이,경기도 수원시평생학습관,팔달구,시니어,기타,http://learning.suwon.go.kr
우리 안의 인종주의,경기도 수원시평생학습관,팔달구,전체,기타,http://learning.suwon.go.kr
암흑을 직시하는 동시대인 : 나의 이름은?,경기도 수원시평생학습관,팔달구,전체,기타,http://learning.suwon.go.kr
에코키친,경기도 수원시평생학습관,팔달구,성인,기타,http://learning.suwon.go.kr
음악과 인문학을 통한 힐링 여행,경기도 수원시평생학습관,팔달구,성인,예술/문화,http://learning.suwon.go.kr
쿠팡에서 사람이 죽었다 - 퇴행적 혁신과 새벽소비사회,경기도 수원시평생학습관,팔달구,전체,기타,http://learning.suwon.go.kr
[수원시평생학습축제]놀이로 만나는 우리문화,경기도 수원시평생학습관,팔달구,전체,학습/진로,http://learning.suwon.go.kr
[수원시평생학습축제]아빠하고 나하고 미니화단 꾸미기,경기도 수원시평생학습관,팔달구,전체,학습/진로,http://learning.suwon.go.kr
[수원시평생학습축제] 행복과 성공의 비밀 만트라 만들기 체험,경기도 수원시평생학습관,팔달구,전체,학습/진로,http://learning.suwon.go.kr
초연결 시대+ 인간 상호작용의 위기를 읽는다,경기도 수원시평생학습관,팔달구,전체,기타,http://learning.suwon.go.kr
지구로운 출발 - 현실적인 제로웨이스트 방법과 환경워크숍,경기도 수원시평생학습관,팔달구,전체,기타,http://learning.suwon.go.kr
인공지능은 나의 읽기-쓰기를 어떻게 바꿀까,경기도 수원시평생학습관,팔달구,전체,AI/코딩,http://learning.suwon.go.kr
[11월 6일- 오후반] 지능로봇리빙랩 로봇&드론 일일체험,경기도 수원시평생학습관,팔달구,전체,AI/코딩,http://learning.suwon.go.kr
공공역사란 무엇인가 - 공공역사의 이해,경기도 수원시평생학습관,팔달구,전체,기타,http://learning.suwon.go.kr
누군가 곁에 있다고(본강연),경기도 수원시평생학습관,팔달구,성인,기타,http://learning.suwon.go.kr
수원시민과 학생을 위한 지역과 학교 벽 깨기,경기도 수원시평생학습관,팔달구,전체,기타,http://learning.suwon.go.kr
[초등학생] 로봇과 AI를 활용한 S/W 제작 및 원격 조종 실습 과정,경기도 수원시평생학습관,팔달구,청소년,AI/코딩,http://learning.suwon.go.kr
[성인반] 로봇과 AI를 활용한 원격 로봇 코딩 입문 교육,경기도 수원시평생학습관,팔달구,성인,AI/코딩,http://learning.suwon.go.kr
SF의 세계,경기도 수원시평생학습관,팔달구,전체,기타,http://learning.suwon.go.kr
[언제든학교]나 자신을 마주하는 안식년,경기도 수원시평생학습관,팔달구,성인,기타,http://learning.suwon.go.kr
[언제든학교]미술과 친해지기: 미술사를 움직인 컬렉터와 그들의 화가들,경기도 수원시평생학습관,팔달구,성인,예술/문화,http://learning.suwon.go.kr
민주주의와 헌법,경기도 수원시평생학습관,팔달구,전체,기타,http://learning.suwon.go.kr
[언제든학교]봄 바람과 함께 마음챙김_원예테라피 시즌4,경기도 수원시평생학습관,팔달구,성인,기타,http://learning.suwon.go.kr
쉼표가 필요한 당신에게... 스트레스 번아웃,경기도 수원시평생학습관,팔달구,전체,기타,http://learning.suwon.go.kr
[언제든학교]유투공 : 스피치 훈련 2_말하기 자신감,경기도 수원시평생학습관,팔달구,성인,기타,http://learning.suwon.go.kr
[언제든학교]북토크 : 경제도서 같이 읽기_환율 전쟁,경기도 수원시평생학습관,팔달구,성인,기타,http://learning.suwon.go.kr
장석준과 2분기 세계읽기,경기도 수원시평생학습관,팔달구,전체,기타,http://learning.suwon.go.kr
도전 신중년을 위한 취업 지원 코칭,경기도 수원시평생학습관,팔달구,성인,기타,http://learning.suwon.go.kr
월간 강양구 2분기,경기도 수원시평생학습관,팔달구,전체,기타,http://learning.suwon.go.kr
"[나라를 위해서 일한다는 거짓말]북토크 사적 열정과 공적 냉소, 보고서와 경로의존성에 빠진 국가",경기도 수원시평생학습관,팔달구,전체,기타,http://learning.suwon.go.kr
채운의 개념으로 읽는 철학 2분기,경기도 수원시평생학습관,팔달구,전체,기타,http://learning.suwon.go.kr
로봇을 위한 인공지능 입문 교육 [성균관대학교],경기도 수원시평생학습관,팔달구,전체,AI/코딩,http://learning.suwon.go.kr
삼성은 왜 위기를 맞이했고 현대는 어떻게 기회를 열었는가?,경기도 수원시평생학습관,팔달구,전체,기타,http://learning.suwon.go.kr
"참여형민주시민교육 [안녕, 시민] 분단을 넘어 함께 평화",경기도 수원시평생학습관,팔달구,전체,기타,http://learning.suwon.go.kr
[언제든학교]짧은 소설 긴 수다 시즌10,경기도 수원시평생학습관,팔달구,성인,기타,http://learning.suwon.go.kr
4월 월담 - 인생은 Do Dream이다 [뭐라도학교],경기도 수원시평생학습관,팔달구,시니어,기타,http://learning.suwon.go.kr
흠결 없는 파편들의 사회 : 한국 2060 여성들의 일 경험과 모험,경기도 수원시평생학습관,팔달구,전체,기타,http://learning.suwon.go.kr
[언제든학교]인생에 한번은 꼭 읽어야 할 고전_도덕경 시리즈1,경기도 수원시평생학습관,팔달구,성인,기타,http://learning.suwon.go.kr
[언제든학교]단편낭독 5월 : 문지혁 「고잉 홈」,경기도 수원시평생학습관,팔달구,성인,기타,http://learning.suwon.go.kr
유능한 무능력자들:우리나라 엘리트는 왜 저럴까? (시스템 해킹을 넘어서),경기도 수원시평생학습관,팔달구,전체,기타,http://learning.suwon.go.kr
[언제든학교]다큐멘터리 상영회 & 감독 GV,경기도 수원시평생학습관,팔달구,성인,기타,http://learning.suwon.go.kr
아픈 몸을 기록하다_아프다는 것에 관하여,경기도 수원시평생학습관,팔달구,성인,기타,http://learning.suwon.go.kr
겉도는 읽기 헛도는 쓰기를 읽다 : 삶의 통제력을 위한 독서,경기도 수원시평생학습관,팔달구,전체,기타,http://learning.suwon.go.kr
[007특강]마음을 울리는 꽃술잔(마감아님 접수중 ~5/16까지),경기도 수원시평생학습관,팔달구,전체,기타,http://learning.suwon.go.kr
"참여형민주시민교육 [안녕, 시민] 민주주의를 향한 역사 바로알기",경기도 수원시평생학습관,팔달구,전체,기타,http://learning.suwon.go.kr
5월 월담- 노르딕워킹 건강법 [뭐라도학교],경기도 수원시평생학습관,팔달구,시니어,기타,http://learning.suwon.go.kr
"아픈 몸을 기록하다_몸, 살아내고 말하고 저항하는 몸들의 인류학",경기도 수원시평생학습관,팔달구,성인,기타,http://learning.suwon.go.kr
아픈 몸을 기록하다_가장 평범한 아픔,경기도 수원시평생학습관,팔달구,성인,기타,http://learning.suwon.go.kr
[언제든학교]교육연극으로 풀어보는 나이[듦과 삶]의 완성 시즌3,경기도 수원시평생학습관,팔달구,성인,기타,http://learning.suwon.go.kr
[언제든학교]혈자리로 건강찾기 시즌4(기초반),경기도 수원시평생학습관,팔달구,성인,기타,http://learning.suwon.go.kr
아픈 몸을 기록하다_난치의 상상력,경기도 수원시평생학습관,팔달구,성인,기타,http://learning.suwon.go.kr
아픈 몸을 기록하다_사랑에 따라온 의혹들,경기도 수원시평생학습관,팔달구,성인,기타,http://learning.suwon.go.kr
[조영호교수 특강] AI와 함께하는 시니어 행복멘탈코칭,경기도 수원시평생학습관,팔달구,시니어,AI/코딩,http://learning.suwon.go.kr
지속적 위기 시대의 지방자치의 가능성,경기도 수원시평생학습관,팔달구,전체,기타,http://learning.suwon.go.kr
[언제든학교]새로운 나를 발견하는 글쓰기,경기도 수원시평생학습관,팔달구,성인,기타,http://learning.suwon.go.kr
돌봄 참여 조부모를 위한 육아법과 소통지혜,경기도 수원시평생학습관,팔달구,성인,기타,http://learning.suwon.go.kr
"정조와 수원화성, 도전의 리더십",경기도 수원시평생학습관,팔달구,전체,기타,http://learning.suwon.go.kr
[오후반] 서종남교수의 문학아카데미 행복한 글쓰기 프로젝트 ON,경기도 수원시평생학습관,팔달구,전체,기타,http://learning.suwon.go.kr
[오전반] 서종남교수의 문학아카데미 행복한 글쓰기 프로젝트 ON,경기도 수원시평생학습관,팔달구,전체,기타,http://learning.suwon.go.kr
[언제든학교]원예테라피 시즌5 우리 꽃길만 걸어요,경기도 수원시평생학습관,팔달구,성인,기타,http://learning.suwon.go.kr
[25년 2분기 문화초대석]클래식기타(강좌 종강일 초대),경기도 수원시평생학습관,팔달구,전체,기타,http://learning.suwon.go.kr
[25년 2분기 문화초대석]바른자세 아름다운 워킹(강좌 종강일초대),경기도 수원시평생학습관,팔달구,전체,기타,http://learning.suwon.go.kr
클래식기타 연주회(경기기타오케스트라),경기도 수원시평생학습관,팔달구,전체,기타,http://learning.suwon.go.kr
[007특강]함께라서 빛나는 오늘의 가죽공예(마감),경기도 수원시평생학습관,팔달구,전체,예술/문화,http://learning.suwon.go.kr
안전한 거북이_올바른 공구사용법(25년 2분기),경기도 수원시평생학습관,팔달구,성인,기타,http://learning.suwon.go.kr
6월 월담- 시민기자가 바라본 유네스코 세계문화유산 수원화성 [뭐라도학교],경기도 수원시평생학습관,팔달구,시니어,기타,http://learning.suwon.go.kr
시 읽기 시 쓰기 모임,경기도 수원시평생학습관,팔달구,성인,기타,http://learning.suwon.go.kr
"시니어 정보문해 교육 (스마트폰, AI, 피싱예방)",경기도 수원시평생학습관,팔달구,시니어,"AI/코딩,디지털/영상",http://learning.suwon.go.kr
"극우파시즘을 넘어, 세계시민을 꿈꾸기 [안녕, 시민]",경기도 수원시평생학습관,팔달구,성인,기타,http://learning.suwon.go.kr
[언제든학교]단편낭독 6월 : 서유미 「밤이 영원할 것처럼」,경기도 수원시평생학습관,팔달구,성인,기타,http://learning.suwon.go.kr
"[언제든학교]힐링스피치, 여름",경기도 수원시평생학습관,팔달구,성인,기타,http://learning.suwon.go.kr
"북토크-보이지 않는 노동자들 : 경계 없는 노동, 흔들리는 삶",경기도 수원시평생학습관,팔달구,전체,기타,http://learning.suwon.go.kr
[프로젝트] 나누는 거북이_테이블 만들기,경기도 수원시평생학습관,팔달구,성인,기타,http://learning.suwon.go.kr
[우리들교실] 시니어 쉘위훌라 건강댄스,경기도 수원시평생학습관,팔달구,시니어,기타,http://learning.suwon.go.kr
MZ세대 인생 첫 부동산 바로알기 교육[대면],경기도 수원시평생학습관,팔달구,전체,기타,http://learning.suwon.go.kr
[언제든학교]미술과 친해지기-현대건축 말을 걸다,경기도 수원시평생학습관,팔달구,성인,예술/문화,http://learning.suwon.go.kr
[우리들교실] 시니어 여행 & 인물 스케치 교실,경기도 수원시평생학습관,팔달구,시니어,기타,http://learning.suwon.go.kr
[언제든학교]존경받는 시장(시부모-장인장모)되기,경기도 수원시평생학습관,팔달구,성인,기타,http://learning.suwon.go.kr
[특별기획 프로그램] 시민 교양2 일과 노동,경기도 수원시평생학습관,팔달구,전체,기타,http://learning.suwon.go.kr
[언제든학교]온라인 단편낭독 7월 앤드루 포터 「사라진 것들」,경기도 수원시평생학습관,팔달구,성인,기타,http://learning.suwon.go.kr
[성균관대학교] 소프트 로보틱스 기초 이론 교육 및 실습,경기도 수원시평생학습관,팔달구,성인,기타,http://learning.suwon.go.kr
[언제든학교]쉽고 재미있는 시니어 건강체조&레크리에이션 3,경기도 수원시평생학습관,팔달구,시니어,기타,http://learning.suwon.go.kr
[언제든학교]명화감상의 즐거운 시즌4,경기도 수원시평생학습관,팔달구,시니어,기타,http://learning.suwon.go.kr
[7월 11일] 지능로봇리빙랩 로봇&드론 일일체험,경기도 수원시평생학습관,팔달구,전체,AI/코딩,http://learning.suwon.go.kr
"차별과 혐오 넘어 돌봄 세상 그리기 [안녕, 시민]",경기도 수원시평생학습관,팔달구,전체,기타,http://learning.suwon.go.kr
[언제든학교]유투공으로 시작하는 경제공부3,경기도 수원시평생학습관,팔달구,성인,학습/진로,http://learning.suwon.go.kr
어깨동무 장애 청년 경제 교실,경기도 수원시평생학습관,팔달구,기타,기타,http://learning.suwon.go.kr
[우리들교실] 시니어 아랑고고장구&민요,경기도 수원시평생학습관,팔달구,시니어,기타,http://learning.suwon.go.kr
[우리들교실] 시니어 창의 전래놀이,경기도 수원시평생학습관,팔달구,시니어,기타,http://learning.suwon.go.kr
[우리들교실] 시니어 컴퓨터 교실,경기도 수원시평생학습관,팔달구,시니어,디지털/영상,http://learning.suwon.go.kr
[언제든학교]나를 만나고 쓰는 시간 AI와 함께 만드는 사계절 자서전,경기도 수원시평생학습관,팔달구,성인,AI/코딩,http://learning.suwon.go.kr
[특별기획 프로그램] 시민 교양1 공공성,경기도 수원시평생학습관,팔달구,전체,기타,http://learning.suwon.go.kr
[프로젝트] 우리의 공방,경기도 수원시평생학습관,팔달구,성인,기타,http://learning.suwon.go.kr
[11월 13일] 지능로봇리빙랩 로봇&드론 일일체험,경기도 수원시평생학습관,팔달구,전체,AI/코딩,http://learning.suwon.go.kr
[언제든학교]단편낭독 11월: 가즈오 이시구로,경기도 수원시평생학습관,팔달구,성인,기타,http://learning.suwon.go.kr
절망하는 이들을 위한 민주주의,경기도 수원시평생학습관,팔달구,전체,기타,http://learning.suwon.go.kr
나를 이해하는 시간 에니어그램(성격유형검사) 3기,경기도 수원시평생학습관,팔달구,전체,기타,http://learning.suwon.go.kr
글쓰기와 역사 : 글은 어디서+ 어떻게 태어나는가,경기도 수원시평생학습관,팔달구,전체,기타,http://learning.suwon.go.kr
그들은 왜 식민사관을 미화하는가,경기도 수원시평생학습관,팔달구,성인,기타,http://learning.suwon.go.kr
신한카드와 함께하는 시니어 안심 디지털 금융 한걸음(중급)(25년3분기),경기도 수원시평생학습관,팔달구,시니어,디지털/영상,http://learning.suwon.go.kr
예술로 친환경하기_폐플라스틱 캔버스 아크릴화,경기도 수원시평생학습관,팔달구,전체,기타,http://learning.suwon.go.kr
무지한스승의만남 ? 글쓰기 첫걸음 : 쓰기로 새로운 시작,경기도 수원시평생학습관,팔달구,전체,기타,http://learning.suwon.go.kr
인공지능과 함께 살아가기,경기도 수원시평생학습관,팔달구,전체,AI/코딩,http://learning.suwon.go.kr
[언제든학교]그림책으로 성찰하는 일과 삶 Ⅱ,경기도 수원시평생학습관,팔달구,성인,기타,http://learning.suwon.go.kr
[오후반] 서종남교수의 문학아카데미 행복한 글쓰기 프로젝트 ON,경기도 수원시평생학습관,팔달구,전체,기타,http://learning.suwon.go.kr
[오전반] 서종남교수의 문학아카데미 행복한 글쓰기 프로젝트 ON,경기도 수원시평생학습관,팔달구,전체,기타,http://learning.suwon.go.kr
무지한스승의만남 ? 시,경기도 수원시평생학습관,팔달구,전체,기타,http://learning.suwon.go.kr
"로봇 기술 진화의 발자취 : 로봇기술의 발전과 활용, AI 동반 성장의 이야기",경기도 수원시평생학습관,팔달구,전체,AI/코딩,http://learning.suwon.go.kr
"[언제든학교]바흐, 헨델, 베토벤, 하이든의 음악 세계를 탐험하다",경기도 수원시평생학습관,팔달구,성인,예술/문화,http://learning.suwon.go.kr
[우리들교실] 쉘위훌라 건강댄스,경기도 수원시평생학습관,팔달구,시니어,기타,http://learning.suwon.go.kr
무지한스승의만남 ? 그리스 로마 신화와 나,경기도 수원시평생학습관,팔달구,전체,기타,http://learning.suwon.go.kr
"죽은 다음 : 어떻게 떠나고 기억될 것인가? 죽음과 노동, 장례 노동",경기도 수원시평생학습관,팔달구,전체,기타,http://learning.suwon.go.kr
장석준과 세계읽기 신자유주의는 어떻게 지배하는가,경기도 수원시평생학습관,팔달구,성인,기타,http://learning.suwon.go.kr
국민연금공단과 함께하는 중장년을 위한 평생연금과 건강한 자산관리 전략(25년 4분기),경기도 수원시평생학습관,팔달구,성인,기타,http://learning.suwon.go.kr
[언제든학교]혈자리로 건강찾기(새롭게 나를 만나는 시간 7기),경기도 수원시평생학습관,팔달구,성인,기타,http://learning.suwon.go.kr
무지한스승의만남 - 중국어 시작,경기도 수원시평생학습관,팔달구,전체,기타,http://learning.suwon.go.kr
무지한스승의만남 - 대금 맛보기,경기도 수원시평생학습관,팔달구,전체,기타,http://learning.suwon.go.kr
무지한스승의만남 - 내맘대로 노트 다이어리,경기도 수원시평생학습관,팔달구,전체,기타,http://learning.suwon.go.kr
[언제든학교]짧은 소설 긴 수다(오전반_시즌12),경기도 수원시평생학습관,팔달구,성인,기타,http://learning.suwon.go.kr
[우리들교실] 고고아리랑트롯장구,경기도 수원시평생학습관,팔달구,시니어,기타,http://learning.suwon.go.kr
[우리들교실] 시니어 컴퓨터 교실 Ⅰ,경기도 수원시평생학습관,팔달구,시니어,디지털/영상,http://learning.suwon.go.kr
"무지한스승의만남 ? 과학과 친해지기: AI, 로봇, 인간, 미래",경기도 수원시평생학습관,팔달구,전체,AI/코딩,http://learning.suwon.go.kr
[언제든학교]가족(자녀)공감 비폭력대화,경기도 수원시평생학습관,팔달구,성인,기타,http://learning.suwon.go.kr
[언제든학교]놀러와요 북토크의 숲으로: 아내+ 며느리+ 엄마가 아닌 나,경기도 수원시평생학습관,팔달구,전체,기타,http://learning.suwon.go.kr
[언제든학교]쉽게 배우는 고사성어,경기도 수원시평생학습관,팔달구,성인,기타,http://learning.suwon.go.kr
[언제든학교]여행의 정수: 홍콩영화 OST,경기도 수원시평생학습관,팔달구,성인,기타,http://learning.suwon.go.kr
[언제든학교]왜-왜분석을 활용한 문제해결기법,경기도 수원시평생학습관,팔달구,성인,기타,http://learning.suwon.go.kr
[언제든학교]똑똑한 사춘기 관리법,경기도 수원시평생학습관,팔달구,성인,기타,http://learning.suwon.go.kr
행복한 부모+ 행복한 자녀,경기도 수원시글로벌평생학습관,팔달구,기타,기타,http://learning.suwon.go.kr
스트레스 타파 마음건강 찾기,경기도 수원시글로벌평생학습관,팔달구,기타,기타,http://learning.suwon.go.kr
마키아벨리<군주론>,경기도 수원시글로벌평생학습관,팔달구,전체,기타,http://learning.suwon.go.kr
유튜브 리터러시-슬기로운 유튜브 생활,경기도 수원시글로벌평생학습관,팔달구,전체,디지털/영상,http://learning.suwon.go.kr
[역량강화1]숏폼의 시대+ 영상으로 말하다,경기도 수원시글로벌평생학습관,팔달구,전체,디지털/영상,http://learning.suwon.go.kr
몸 : 그 신비하고도 괴물스러운,경기도 수원시글로벌평생학습관,팔달구,전체,기타,http://learning.suwon.go.kr
인문정신으로 듣는 대중음악,경기도 수원시글로벌평생학습관,팔달구,전체,예술/문화,http://learning.suwon.go.kr
인문학은 무엇을 제시할 수 있을까?,경기도 수원시글로벌평생학습관,팔달구,전체,기타,http://learning.suwon.go.kr
월담: 치매예방을 위한 삶의 방법,경기도 수원시글로벌평생학습관,팔달구,어르신,기타,http://learning.suwon.go.kr
유튜브 시민기획단 1기 오리엔테이션,경기도 수원시글로벌평생학습관,팔달구,전체,디지털/영상,http://learning.suwon.go.kr
탄소중립에 대해 배우고 보드게임으로 완성배드코이,경기도 수원시글로벌평생학습관,팔달구,전체,기타,http://learning.suwon.go.kr
한나아렌트의 인간의 조건 읽기,경기도 수원시글로벌평생학습관,팔달구,전체,기타,http://learning.suwon.go.kr
디지털 문해교육,경기도 수원시글로벌평생학습관,팔달구,어르신,디지털/영상,http://learning.suwon.go.kr
월간고전- 야콥 폰 윅스퀼+,경기도 수원시평생학습관,팔달구,전체,기타,http://learning.suwon.go.kr
부모 인문학 : 자녀에게 무엇을 알려주어야 하는가,경기도 수원시평생학습관,팔달구,전체,기타,http://learning.suwon.go.kr
왜 공부하지 않는가? 핍진성에 깨어진 세계에서 공부의 쓸모에 대한 근본적 질문,경기도 수원시평생학습관,팔달구,전체,학습/진로,http://learning.suwon.go.kr
[제3회 영화로운 시네마] 여름+ 마음을 반납해 주세요,경기도 수원시평생학습관,팔달구,전체,기타,http://learning.suwon.go.kr
읽고 쓰며 나를 확장하기,경기도 수원시평생학습관,팔달구,전체,기타,http://learning.suwon.go.kr
근대 주인공 - 깊이 읽기와 독자의 귀환,경기도 수원시평생학습관,팔달구,성인,기타,http://learning.suwon.go.kr
[언제든학교]수제 밀크티 클래스,경기도 수원시평생학습관,팔달구,성인,기타,http://learning.suwon.go.kr
월간예술 - 재난 : 폐허 속에서 살아가기,경기도 수원시평생학습관,팔달구,전체,기타,http://learning.suwon.go.kr
「엄마라는 이상한 세계」 북토크,경기도 수원시평생학습관,팔달구,전체,기타,http://learning.suwon.go.kr
[뭐라도학교]8월 월담:인생2막 시낭송가 되기,경기도 수원시평생학습관,팔달구,성인,기타,http://learning.suwon.go.kr
예술로 친환경 하기 : 폐 병뚜껑을 녹여서 굳힌 플라스틱 키링만들기,경기도 수원시평생학습관,팔달구,전체,기타,http://learning.suwon.go.kr
세계정원 - 나는 가드너입니다. [대면강좌],경기도 수원시평생학습관,팔달구,전체,기타,http://learning.suwon.go.kr
일상생활 속 제로웨이스트 설거지바 만들기,경기도 수원시평생학습관,팔달구,전체,기타,http://learning.suwon.go.kr
[주간인문] 사회지리학(1),경기도 수원시평생학습관,팔달구,성인,기타,http://learning.suwon.go.kr
공공을 위한 시민인문학,경기도 수원시평생학습관,팔달구,전체,기타,http://learning.suwon.go.kr
아무튼+ 현수동 : 당신은 어떤 동네에서 살고 싶나요?,경기도 수원시평생학습관,팔달구,성인,기타,http://learning.suwon.go.kr
[역량강화2]디지털콘텐츠 공방-미리캔버스,경기도 수원시평생학습관,팔달구,전체,디지털/영상,http://learning.suwon.go.kr
[세계시민교육] 이주민을 위한 글로벌 시민리더 아카데미 1기 - 심화과정,경기도 수원시평생학습관,팔달구,성인,기타,http://learning.suwon.go.kr
[언제든학교]단편낭독 8월: 허먼 멜빌,경기도 수원시평생학습관,팔달구,성인,기타,http://learning.suwon.go.kr
[언제든학교]여행의 정수 시즌 4 : 시 낭독 여행,경기도 수원시평생학습관,팔달구,성인,기타,http://learning.suwon.go.kr
[프로젝트] 스툴 만들기,경기도 수원시평생학습관,팔달구,성인,기타,http://learning.suwon.go.kr
[언제든학교]원예힐링 시즌 2 : 꽃예술문화사(만들기),경기도 수원시평생학습관,팔달구,성인,기타,http://learning.suwon.go.kr
[우리들교실] 여행&인물스케치,경기도 수원시평생학습관,팔달구,전체,기타,http://learning.suwon.go.kr
[프로젝트] 책갈피 만들기,경기도 수원시평생학습관,팔달구,성인,기타,http://learning.suwon.go.kr
유튜브로 말걸기-글쓰기 실전 쓰기+ 읽기+ 나누기,경기도 수원시평생학습관,팔달구,전체,디지털/영상,http://learning.suwon.go.kr
AI시대 우리가 읽고 쓰는 이유,경기도 수원시평생학습관,팔달구,전체,AI/코딩,http://learning.suwon.go.kr
월간고전- 버지니아 울프+ (솔출판사),경기도 수원시평생학습관,팔달구,전체,기타,http://learning.suwon.go.kr
유튜브로 말걸기-과학기술과 사회+ 그리고 SF,경기도 수원시평생학습관,팔달구,전체,디지털/영상,http://learning.suwon.go.kr
「무정형의 삶」 북토크,경기도 수원시평생학습관,팔달구,전체,기타,http://learning.suwon.go.kr
[뭐라도학교]9월 월담:화성성곽길에서 정조대왕을 만나다,경기도 수원시평생학습관,팔달구,시니어,기타,http://learning.suwon.go.kr
버려지는 양말목에 가치를 더하는 새활용 안마봉 만들기(3분기),경기도 수원시평생학습관,팔달구,전체,기타,http://learning.suwon.go.kr
글쓰기의 대중화 시대의 의미 - 안목있는 독자되기와 문해력,경기도 수원시평생학습관,팔달구,전체,기타,http://learning.suwon.go.kr
「해방의 밤」 북토크,경기도 수원시평생학습관,팔달구,전체,기타,http://learning.suwon.go.kr
[언제든학교]쉽게 배우는 고사성어 시즌2,경기도 수원시평생학습관,팔달구,성인,기타,http://learning.suwon.go.kr
[언제든학교]동양인문학: 도덕경과 사기로 만나는 인생방법론 시즌2,경기도 수원시평생학습관,팔달구,성인,기타,http://learning.suwon.go.kr
[기관협력] 학부모 멘탈코칭 교실,경기도 수원시평생학습관,팔달구,성인,기타,http://learning.suwon.go.kr
[언제든학교]식물과 정원과 삶,경기도 수원시평생학습관,팔달구,성인,기타,http://learning.suwon.go.kr
문명 전체가 직면한 문제 : 우리는 어디서 와서 어디로 가는가,경기도 수원시평생학습관,팔달구,전체,기타,http://learning.suwon.go.kr
모든 단어에는 이야기가 있다 - 독일어 단어를 통해 본 한국 사회의 가치와 지향,경기도 수원시평생학습관,팔달구,전체,기타,http://learning.suwon.go.kr
[언제든학교]뇌과학으로 알아보는 똑똑한 자녀교육&양육,경기도 수원시평생학습관,팔달구,성인,기타,http://learning.suwon.go.kr
누군가 곁에 있다고(사전읽기모임),경기도 수원시평생학습관,팔달구,성인,기타,http://learning.suwon.go.kr
[언제든학교]짧은 소설 긴 수다 시즌8,경기도 수원시평생학습관,팔달구,성인,기타,http://learning.suwon.go.kr
[언제든학교]유투공으로 시작하는 경제공부 2,경기도 수원시평생학습관,팔달구,성인,학습/진로,http://learning.suwon.go.kr
[기관협력] 어깨동무 경제교실 - 장애청년,경기도 수원시평생학습관,팔달구,전체,기타,http://learning.suwon.go.kr
[우리들교실] 1:1 컴퓨터교실,경기도 수원시평생학습관,팔달구,전체,디지털/영상,http://learning.suwon.go.kr
[우리들교실] 민요와 고고장구,경기도 수원시평생학습관,팔달구,전체,기타,http://learning.suwon.go.kr
누구나 쉽게 배우는 온비드 공매(오후),경기도 수원시평생학습관,팔달구,성인,기타,http://learning.suwon.go.kr
[언제든학교]조향사와 함께하는 향수만들기,경기도 수원시평생학습관,팔달구,성인,기타,http://learning.suwon.go.kr
[언제든학교]난처한 경제이야기 독서토론,경기도 수원시평생학습관,팔달구,성인,기타,http://learning.suwon.go.kr
[언제든학교]화목낭독: 플라톤 전집1,경기도 수원시평생학습관,팔달구,성인,기타,http://learning.suwon.go.kr
[언제든학교]논알콜 하이볼 집에서 즐기기,경기도 수원시평생학습관,팔달구,성인,기타,http://learning.suwon.go.kr
난세를 무사히 건너는 법,경기도 수원시평생학습관,팔달구,성인,기타,http://learning.suwon.go.kr
다극 세계의 변화에서 한궁이 가야할 길,경기도 수원시평생학습관,팔달구,성인,기타,http://learning.suwon.go.kr
청소년 멘탈코칭 지역활동가 양성과정 7기,경기도 수원시평생학습관,팔달구,성인,기타,http://learning.suwon.go.kr
「어나더 경제사3」 북토크,경기도 수원시평생학습관,팔달구,성인,기타,http://learning.suwon.go.kr
외로움은 어떻게 민주주의를 위협하는가?,경기도 수원시평생학습관,팔달구,성인,기타,http://learning.suwon.go.kr
[스피치]힐링스피치,경기도 수원시평생학습관,팔달구,성인,기타,http://learning.suwon.go.kr
인터뷰 글쓰기,경기도 수원시평생학습관,팔달구,성인,기타,http://learning.suwon.go.kr
대중음악의 신화를 만나다(이문세),경기도 수원시평생학습관,팔달구,성인,예술/문화,http://learning.suwon.go.kr
프란츠 카프카+ <실종자>,경기도 수원시평생학습관,팔달구,성인,기타,http://learning.suwon.go.kr
생명과학의 쟁점들,경기도 수원시평생학습관,팔달구,성인,기타,http://learning.suwon.go.kr
정치(politics)란 무엇인가?,경기도 수원시평생학습관,팔달구,성인,기타,http://learning.suwon.go.kr
[뭐라도학교] 월담 2월,경기도 수원시평생학습관,팔달구,시니어,기타,http://learning.suwon.go.kr
심층적으로 이야기를 읽기: 이야기의 앞뒤에는 무엇이 있을까?,경기도 수원시평생학습관,팔달구,성인,기타,http://learning.suwon.go.kr
복합 위기 시대가 불러온 변화+ 그리고 대안,경기도 수원시평생학습관,팔달구,성인,기타,http://learning.suwon.go.kr
추상으로 가는 길 : 추상화에 대한 오해와 이해,경기도 수원시평생학습관,팔달구,전체,기타,http://learning.suwon.go.kr
「도넛 경제학」 북토크,경기도 수원시평생학습관,팔달구,전체,기타,http://learning.suwon.go.kr
능력주의는 정말로 공정한 것일까?,경기도 수원시평생학습관,팔달구,전체,기타,http://learning.suwon.go.kr
거북이공방 오픈데이,경기도 수원시평생학습관,팔달구,전체,기타,http://learning.suwon.go.kr
[유투공] 미술이야기,경기도 수원시글로벌평생학습관,팔달구,성인,예술/문화,http://learning.suwon.go.kr
[뭐라도학교] 1:1컴퓨터교실,경기도 수원시글로벌평생학습관,팔달구,어르신,디지털/영상,http://learning.suwon.go.kr
[문화여행] 제주 나 혼자 간다,경기도 수원시글로벌평생학습관,팔달구,성인,기타,http://learning.suwon.go.kr
서종남교수의 문학아카데미 오후,경기도 수원시글로벌평생학습관,팔달구,성인,기타,http://learning.suwon.go.kr
서종남교수의 문학아카데미 오전,경기도 수원시글로벌평생학습관,팔달구,성인,기타,http://learning.suwon.go.kr
[서양미술사]난처한 미술이야기3~6,경기도 수원시글로벌평생학습관,팔달구,성인,예술/문화,http://learning.suwon.go.kr
[요일낭독_화목 고전 낭독] 일리아스,경기도 수원시글로벌평생학습관,팔달구,성인,기타,http://learning.suwon.go.kr
‘좋아요’는 어떻게 지구를 파괴하는가,경기도 수원시글로벌평생학습관,팔달구,성인,기타,http://learning.suwon.go.kr
[서양미술사] 난처한 미술이야기(독서토론),경기도 수원시평생학습관,팔달구,성인,예술/문화,http://learning.suwon.go.kr
시간관리효율화,경기도 수원시글로벌평생학습관,팔달구,성인,기타,http://learning.suwon.go.kr
에피쿠로스+ <에피쿠로스 쾌락>,경기도 수원시평생학습관,팔달구,성인,기타,http://learning.suwon.go.kr
스마트폰활용 영상제작교육(전체공직자대상),경기도 수원시글로벌평생학습관,팔달구,전체,디지털/영상,http://learning.suwon.go.kr
스마트폰활용 영상제작교육(시민협력국대상),경기도 수원시글로벌평생학습관,팔달구,전체,디지털/영상,http://learning.suwon.go.kr
당신이 집에서 논다는 거짓말,경기도 수원시평생학습관,팔달구,성인,기타,http://learning.suwon.go.kr
칼럼 쓰기,경기도 수원시평생학습관,팔달구,성인,기타,http://learning.suwon.go.kr
대중음악의 신화를 만나다(들국화),경기도 수원시평생학습관,팔달구,성인,예술/문화,http://learning.suwon.go.kr
자연은 어떻게 풍경이 되었는가,경기도 수원시평생학습관,팔달구,성인,기타,http://learning.suwon.go.kr
[뭐라도학교] 월담 3월,경기도 수원시평생학습관,팔달구,시니어,기타,http://learning.suwon.go.kr
SF 고전으로 본 21세기,경기도 수원시평생학습관,팔달구,성인,기타,http://learning.suwon.go.kr
수사학(rhetoric)이란 무엇인가?,경기도 수원시평생학습관,팔달구,성인,기타,http://learning.suwon.go.kr
프리모 레비+ <이것이 인간인가>,경기도 수원시글로벌평생학습관,팔달구,성인,기타,http://learning.suwon.go.kr
배드코이 탄소중립에 대해 배우고 보드게임으로 완성,경기도 수원시글로벌평생학습관,팔달구,성인,기타,http://learning.suwon.go.kr
기억력 강화를 통한 건강한 뇌 만들기,경기도 수원시글로벌평생학습관,팔달구,어르신,기타,http://learning.suwon.go.kr
금융복지: 굿바이 부채탈출,경기도 수원시글로벌평생학습관,팔달구,성인,기타,http://learning.suwon.go.kr
[뭐라도학교] 월담 4월,경기도 수원시글로벌평생학습관,팔달구,어르신,기타,http://learning.suwon.go.kr
힐링에세이+ 숲(영흥수목원),경기도 수원시글로벌평생학습관,팔달구,성인,기타,http://learning.suwon.go.kr
[단편낭독_4월] 2023김승옥 문학상 수상작품집,경기도 수원시평생학습관,팔달구,성인,기타,http://learning.suwon.go.kr
아리스토텔레스 <시학>강독,경기도 수원시글로벌평생학습관,팔달구,성인,기타,http://learning.suwon.go.kr
수원시민을 위한 학부모 멘탈코칭,경기도 수원시글로벌평생학습관,팔달구,성인,기타,http://learning.suwon.go.kr
[단편소설 인문학]짧은 소설+ 긴 수다 6,경기도 수원시글로벌평생학습관,팔달구,성인,기타,http://learning.suwon.go.kr
함께 시작해봐요+ 나만의 글쓰기,경기도 수원시글로벌평생학습관,팔달구,성인,기타,http://learning.suwon.go.kr
[뭐라도학교]쉘위훌라,경기도 수원시글로벌평생학습관,팔달구,어르신,기타,http://learning.suwon.go.kr
[스피치]힐링스피치2,경기도 수원시글로벌평생학습관,팔달구,성인,기타,http://learning.suwon.go.kr
월간음악 1970년대의 음악과 음악가들,경기도 수원시글로벌평생학습관,팔달구,성인,예술/문화,http://learning.suwon.go.kr
이주민을 위한 글로벌 시민리더아카데미 1기,경기도 수원시글로벌평생학습관,팔달구,기타,기타,http://learning.suwon.go.kr
[뭐라도학교]여행&인물스케치,경기도 수원시글로벌평생학습관,팔달구,어르신,기타,http://learning.suwon.go.kr
[요일낭독_금요 역사 낭독]헤로도토스,경기도 수원시글로벌평생학습관,팔달구,성인,기타,http://learning.suwon.go.kr
[뭐라도학교]사진과 함께하는 세계여행,경기도 수원시글로벌평생학습관,팔달구,어르신,기타,http://learning.suwon.go.kr
시민기획강좌 시간관리 효율화 시즌2,경기도 수원시글로벌평생학습관,팔달구,성인,기타,http://learning.suwon.go.kr
모스 <증여론>,경기도 수원시글로벌평생학습관,팔달구,성인,기타,http://learning.suwon.go.kr
[뭐라도학교] 월담 6월,경기도 수원시글로벌평생학습관,팔달구,어르신,기타,http://learning.suwon.go.kr
버려지는 양말목에 가치를 더하는 새활용 안마봉 만들기,경기도 수원시글로벌평생학습관,팔달구,성인,기타,http://learning.suwon.go.kr
예술로 친환경하기: 아크릴화,경기도 수원시글로벌평생학습관,팔달구,전체,기타,http://learning.suwon.go.kr
효과적인 스트레스 관리법,경기도 수원시글로벌평생학습관,팔달구,어르신,기타,http://learning.suwon.go.kr
[단편낭독_6월] 미래의 조각(20224년 현대문학상 수상 소설집,경기도 수원시글로벌평생학습관,팔달구,성인,기타,http://learning.suwon.go.kr
월간음악 1990년대의 음악과 음악가들,경기도 수원시글로벌평생학습관,팔달구,성인,예술/문화,http://learning.suwon.go.kr
고도를 기라디며 - 텍스트 읽기,경기도 수원시글로벌평생학습관,팔달구,전체,기타,http://learning.suwon.go.kr
세계 끝의 버섯,경기도 수원시글로벌평생학습관,팔달구,성인,기타,http://learning.suwon.go.kr
언제든학교 기획단 양성과정 6기,경기도 수원시글로벌평생학습관,팔달구,성인,기타,http://learning.suwon.go.kr
메리 셸리 <프랑켄슈타인>,경기도 수원시글로벌평생학습관,팔달구,성인,기타,http://learning.suwon.go.kr
탄소중립포인트 가입 일상 속 탄소중립 실천이 혜택으로,경기도 수원시글로벌평생학습관,팔달구,성인,기타,http://learning.suwon.go.kr
[뭐라도학교] 월담 5월,경기도 수원시글로벌평생학습관,팔달구,어르신,기타,http://learning.suwon.go.kr
월간음악 1980년대의 음악과 음악가들,경기도 수원시글로벌평생학습관,팔달구,성인,예술/문화,http://learning.suwon.go.kr
[단편낭독_5월] 에드거 앨런 포 단편선,경기도 수원시글로벌평생학습관,팔달구,성인,기타,http://learning.suwon.go.kr
축소되는 세계,경기도 수원시글로벌평생학습관,팔달구,성인,기타,http://learning.suwon.go.kr
나침반 기획강좌 <감각>,경기도 수원시글로벌평생학습관,팔달구,성인,기타,http://learning.suwon.go.kr
시민기획강좌 동양인문학: 도덕경과 사기로 만나는 인생방법론,경기도 수원시글로벌평생학습관,팔달구,전체,기타,http://learning.suwon.go.kr
1:1 컴퓨터 교실,경기도 수원시글로벌평생학습관,팔달구,어르신,디지털/영상,http://learning.suwon.go.kr
시민기획강좌 힐링스피치 시즌3,경기도 수원시글로벌평생학습관,팔달구,성인,기타,http://learning.suwon.go.kr
시민기획강좌 새롭게 읽는 서양 미술사: 난처한 미술이야기7,경기도 수원시글로벌평생학습관,팔달구,성인,예술/문화,http://learning.suwon.go.kr
시민기획강좌 요일낭독(화목): 펠로폰네소스 전쟁사,경기도 수원시글로벌평생학습관,팔달구,성인,기타,http://learning.suwon.go.kr
행복한 글쓰기 프로젝트 ON(오후반),경기도 수원시글로벌평생학습관,팔달구,성인,기타,http://learning.suwon.go.kr
행복한 글쓰기 프로젝트 ON(오전반),경기도 수원시글로벌평생학습관,팔달구,성인,기타,http://learning.suwon.go.kr
예술로 친환경하기: 아크릴화,경기도 수원시글로벌평생학습관,팔달구,전체,기타,http://learning.suwon.go.kr
사진과 함께하는 세계여행,경기도 수원시글로벌평생학습관,팔달구,어르신,기타,http://learning.suwon.go.kr
시민기획강좌 힐링에세이+ 숲(여름),경기도 수원시글로벌평생학습관,팔달구,전체,기타,http://learning.suwon.go.kr
시민기획강좌 단편낭독 7월: 나사니엘 호손 단편선,경기도 수원시글로벌평생학습관,팔달구,성인,기타,http://learning.suwon.go.kr
시민기획강좌 나를 찾고 키우는+ 엄마의 안식년,경기도 수원시글로벌평생학습관,팔달구,성인,기타,http://learning.suwon.go.kr
시민기획강좌 새롭게 내 몸을 만나는 시간: 혈자리로 건강찾기,경기도 수원시글로벌평생학습관,팔달구,성인,기타,http://learning.suwon.go.kr
쉴위훌라,경기도 수원시글로벌평생학습관,팔달구,어르신,기타,http://learning.suwon.go.kr
전래놀이교실,경기도 수원시글로벌평생학습관,팔달구,어르신,기타,http://learning.suwon.go.kr
시민기획강좌 명화감상의 즐거움,경기도 수원시글로벌평생학습관,팔달구,성인,기타,http://learning.suwon.go.kr
여행&인물스케치,경기도 수원시글로벌평생학습관,팔달구,어르신,기타,http://learning.suwon.go.kr
글쓰기 심화반 나를 돌보는 내면 글쓰기,경기도 수원시글로벌평생학습관,팔달구,전체,기타,http://learning.suwon.go.kr
시민기획강좌 교육연극으로 만나는 (나이)듦과 삶(의 완성),경기도 수원시글로벌평생학습관,팔달구,성인,기타,http://learning.suwon.go.kr
시민기획강좌 유투공으로 시작하는 경제공부,경기도 수원시글로벌평생학습관,팔달구,성인,학습/진로,http://learning.suwon.go.kr
시민기획강좌 짧은 소설 긴 수다 시즌7,경기도 수원시글로벌평생학습관,팔달구,성인,기타,http://learning.suwon.go.kr
청소년 마음톡 캠프,경기도 수원시글로벌평생학습관,팔달구,청소년,기타,http://learning.suwon.go.kr
대중음악의 신화를 만나다(조용필),경기도 수원시평생학습관,팔달구,전체,예술/문화,http://learning.suwon.go.kr
필동 임면수+ 수원의 독립운동과 교육운동,경기도 수원시평생학습관,팔달구,전체,기타,http://learning.suwon.go.kr
나쓰메 소세키+ <문>,경기도 수원시평생학습관,팔달구,전체,기타,http://learning.suwon.go.kr
[단편소설 인문학]짧은 소설+ 긴 수다 5,경기도 수원시평생학습관,팔달구,성인,기타,http://learning.suwon.go.kr
인공지능(AI)와 삶,경기도 수원시평생학습관,팔달구,전체,AI/코딩,http://learning.suwon.go.kr
변증법(dialectic)이란 무엇인가?,경기도 수원시평생학습관,팔달구,전체,기타,http://learning.suwon.go.kr
고려거란전쟁사,경기도 수원시평생학습관,팔달구,전체,기타,http://learning.suwon.go.kr
월간경제: 2024년 세계 경제는?,경기도 수원시평생학습관,팔달구,전체,기타,http://learning.suwon.go.kr
[요일낭독_토요아침] 자기계발수업,경기도 수원시평생학습관,팔달구,전체,기타,http://learning.suwon.go.kr
망치를 든 고생물학자의 공룡이야기,경기도 수원시평생학습관,팔달구,전체,기타,http://learning.suwon.go.kr
[뭐라도학교] 월담 1월,경기도 수원시평생학습관,팔달구,시니어,기타,http://learning.suwon.go.kr
엄마의 독서,경기도 수원시평생학습관,팔달구,전체,기타,http://learning.suwon.go.kr
유튜브는 책을 집어 삼킬것인가?,경기도 수원시평생학습관,팔달구,전체,디지털/영상,http://learning.suwon.go.kr
[문화여행]여행의 정수+ 수원을 만나다,경기도 수원시평생학습관,팔달구,전체,기타,http://learning.suwon.go.kr
혼돈의 세계+ 어디로 가는가?,경기도 수원시평생학습관,팔달구,성인,기타,http://learning.suwon.go.kr
예술에서 종교적인 것에 관하여 : 초월성의 형상화,경기도 수원시평생학습관,팔달구,전체,기타,http://learning.suwon.go.kr
[뭐라도학교]쉘위훌라,경기도 수원시평생학습관,팔달구,시니어,기타,http://learning.suwon.go.kr
[미술과친해지기]테마로 본 그림이야기,경기도 수원시평생학습관,팔달구,전체,예술/문화,http://learning.suwon.go.kr
청소년 공부멘탈코칭 교실,경기도 수원시평생학습관,팔달구,청소년,학습/진로,http://learning.suwon.go.kr
어깨동무 경제교실-장애청년 경제교실,경기도 수원시평생학습관,팔달구,청소년,기타,http://learning.suwon.go.kr
[서양미술사] 유투공 미술이야기,경기도 수원시평생학습관,팔달구,전체,예술/문화,http://learning.suwon.go.kr
디지털 기술은 어떻게 격차를 만드는가?,경기도 수원시평생학습관,팔달구,성인,디지털/영상,http://learning.suwon.go.kr
[단편소설낭독]1~3월,경기도 수원시평생학습관,팔달구,전체,기타,http://learning.suwon.go.kr
행복한 글쓰기 프로젝트 ON 오후,경기도 수원시평생학습관,팔달구,전체,기타,http://learning.suwon.go.kr
행복한 글쓰기 프로젝트 ON 오전,경기도 수원시평생학습관,팔달구,전체,기타,http://learning.suwon.go.kr
[요일낭독_화목아침] 해밀턴의 그리스로마신화,경기도 수원시평생학습관,팔달구,전체,기타,http://learning.suwon.go.kr
[요일낭독_월수아침] 긴 여행의 도중+ 패트릭과 함께 읽기,경기도 수원시평생학습관,팔달구,전체,기타,http://learning.suwon.go.kr
[뭐라도학교]여행&인물스케치,경기도 수원시평생학습관,팔달구,시니어,기타,http://learning.suwon.go.kr
[뭐라도학교]사진과 함께하는 세계여행,경기도 수원시평생학습관,팔달구,시니어,기타,http://learning.suwon.go.kr
대나무로 만드는 일상의 물건 : 네모눈바구니 만들기,경기도 수원시평생학습관,팔달구,전체,기타,http://learning.suwon.go.kr
2024년 평생학습 모니터링단 교육,경기도 수원시평생학습관,팔달구,성인,학습/진로,http://learning.suwon.go.kr
월간예술 - 타자 : 무한히 먼+ 무한히 가까운,경기도 수원시평생학습관,팔달구,전체,기타,http://learning.suwon.go.kr
「왜 우리는 매일 거대 도시로 향하는가」북토크,경기도 수원시평생학습관,팔달구,전체,기타,http://learning.suwon.go.kr
[언제든학교]단편낭독 9월: 헨리 제임스,경기도 수원시평생학습관,팔달구,성인,기타,http://learning.suwon.go.kr
「손상된 행성에서 더 나은 파국을 상상하기」 북토크,경기도 수원시평생학습관,팔달구,전체,기타,http://learning.suwon.go.kr
[언제든학교]원예힐링: 긍정심리학으로 나만의 행복찾기,경기도 수원시평생학습관,팔달구,성인,기타,http://learning.suwon.go.kr
[프로젝트] 내가 꿈꾸는 공방,경기도 수원시평생학습관,팔달구,성인,기타,http://learning.suwon.go.kr
[학부모특강]미래사회의 변화와 학부모의 자녀교육 지혜,경기도 수원시평생학습관,팔달구,성인,기타,http://learning.suwon.go.kr
자기 이야기는 어떻게 콘텐츠가 되는가?,경기도 수원시평생학습관,팔달구,전체,기타,http://learning.suwon.go.kr
유튜브로 말걸기-돈의 얼굴,경기도 수원시평생학습관,팔달구,전체,디지털/영상,http://learning.suwon.go.kr
「책방에 모여 글쓰기를 시작했다」 북토크,경기도 수원시평생학습관,팔달구,전체,기타,http://learning.suwon.go.kr
미국 대선을 앞둔 세계+ 민주주의는 어디로?,경기도 수원시평생학습관,팔달구,전체,기타,http://learning.suwon.go.kr
[언제든학교]실천하는 제로웨이스트 클래스,경기도 수원시평생학습관,팔달구,성인,기타,http://learning.suwon.go.kr
[언제든학교]힐링에세이 숲+ 가을(영흥수목원),경기도 수원시평생학습관,팔달구,성인,기타,http://learning.suwon.go.kr
에세이 쓰기,경기도 수원시평생학습관,팔달구,전체,기타,http://learning.suwon.go.kr
2025년 온라인 독서모임「오늘도책」 4기(특강)-생각회로 독서법,경기도교육청중앙도서관,장안구,중등1~3학년,기타,https://lib.goe.go.kr/gg/index.do
2025년 온라인 독서모임「오늘도책」 4기(특강)-오늘도책 미리보기,경기도교육청중앙도서관,장안구,초등4~6학년,기타,https://lib.goe.go.kr/gg/index.do
2025년 온라인 독서모임「오늘도책」 4기,경기도교육청중앙도서관,장안구,학부모+지역주민,기타,https://lib.goe.go.kr/gg/index.do
2025년 온라인 독서모임「오늘도책」 4기,경기도교육청중앙도서관,장안구,중등1~3학년,기타,https://lib.goe.go.kr/gg/index.do
2025년 온라인 독서모임「오늘도책」 4기,경기도교육청중앙도서관,장안구,중등1~3학년,기타,https://lib.goe.go.kr/gg/index.do
2025년 온라인 독서모임「오늘도책」 4기,경기도교육청중앙도서관,장안구,초등4~6학년,기타,https://lib.goe.go.kr/gg/index.do
"책에서 멀어진 내 아이, 책으로 돌아오기까지",경기도교육청중앙도서관,장안구,학부모+지역주민,기타,https://lib.goe.go.kr/gg/index.do
처음 만나는 그림책 놀이형 독서교육 전문가 과정(2급),경기도교육청중앙도서관,장안구,학부모+지역주민,기타,https://lib.goe.go.kr/gg/index.do
2025년 온라인 독서모임「오늘도책」 3기,경기도교육청중앙도서관,장안구,학부모+지역주민,기타,https://lib.goe.go.kr/gg/index.do
2025년 온라인 독서모임「오늘도책」 3기,경기도교육청중앙도서관,장안구,중등1~3학년,기타,https://lib.goe.go.kr/gg/index.do
2025년 온라인 독서모임「오늘도책」 3기,경기도교육청중앙도서관,장안구,중등1~3학년,기타,https://lib.goe.go.kr/gg/index.do
2025년 온라인 독서모임「오늘도책」 3기,경기도교육청중앙도서관,장안구,초등4~6학년,기타,https://lib.goe.go.kr/gg/index.do
[초4~5]늘푸른독서회,경기도교육청중앙도서관,장안구,초등4~5학년,기타,https://lib.goe.go.kr/gg/index.do
[초2~3]해맑은독서회,경기도교육청중앙도서관,장안구,초등2~3학년,기타,https://lib.goe.go.kr/gg/index.do
"2025년 온라인 독서모임「오늘도책」 4기(특강)-잘 하고 싶다, 북클럽",경기도교육청중앙도서관,장안구,학부모+지역주민,기타,https://lib.goe.go.kr/gg/index.do
응용 미술,강원특별자치도 홍천군청,,홍천군민,예술/문화,https://www.hongcheon.go.kr/edu
[미래동행] 자녀와의 의사소통 및 대화기술(수원광교호수중),경기도교육청평생학습관,영통구,학부모,기타,lib.goe.go.kr/gglec
특수학교 생활미용(화성나래학교)(1),경기도교육청평생학습관,권선구,특수교육대상학생 부모,학습/진로,lib.goe.go.kr/gglec
학교생활기록부 제대로 이해하기,경기도교육청평생학습관,권선구,중등 학부모,기타,lib.goe.go.kr/gglec
(초등) 공부 잘하는 법,경기도교육청평생학습관,권선구,초등 학부모,학습/진로,lib.goe.go.kr/gglec
[자격증 취득과정] AI활용지도사(6),경기도교육청평생학습관,권선구,학부모,AI/코딩,lib.goe.go.kr/gglec
"1학년을 응원해, 입학 준비(1)",경기도교육청평생학습관,권선구,6세+7세 자녀 학부모,기타,lib.goe.go.kr/gglec
[찾아가는 문화예술] 페이퍼플라워(고양향동고)(1),경기도교육청평생학습관,권선구,학부모,기타,lib.goe.go.kr/gglec
[찾아가는 문화예술] 풍선아트(광주새롬학교)(1),경기도교육청평생학습관,권선구,학부모,기타,lib.goe.go.kr/gglec
[자격증 취득과정] 방과후지도사(3기)(4),경기도교육청평생학습관,권선구,학부모,기타,lib.goe.go.kr/gglec
[미래클러닝] 솔쌤의 문해력 교실(1),경기도교육청평생학습관,권선구,초등학생 3학년,기타,lib.goe.go.kr/gglec
[자격증 취득과정] 학교폭력예방상담사(3),경기도교육청평생학습관,권선구,학부모,기타,lib.goe.go.kr/gglec
특별한 아이를 키우는 엄마들에게 드리는 위로(3),경기도교육청평생학습관,권선구,학부모,기타,lib.goe.go.kr/gglec
[자격증 취득과정] 부모교육지도사(6),경기도교육청평생학습관,권선구,학부모,기타,lib.goe.go.kr/gglec
자녀를 노벨상 수상자로 키우는 교육,경기도교육청평생학습관,권선구,학부모,기타,lib.goe.go.kr/gglec
(유초등) 사교육을 이기는 4~7세 엄마표 수학 놀이(1),경기도교육청평생학습관,권선구,유초등 저학년 학부모,학습/진로,lib.goe.go.kr/gglec
[미래클러닝] 솔쌤의 문해력 교실(2),경기도교육청평생학습관,권선구,초등학생 3학년,기타,lib.goe.go.kr/gglec
자존감을 높이는 버츄프로젝트(1),경기도교육청평생학습관,권선구,학부모,기타,lib.goe.go.kr/gglec
[자격증 취득과정] 학교폭력예방상담사(4),경기도교육청평생학습관,권선구,학부모,기타,lib.goe.go.kr/gglec
특별한 아이를 키우는 엄마들에게 드리는 위로(4),경기도교육청평생학습관,권선구,학부모,기타,lib.goe.go.kr/gglec
[찾아가는 문화예술] 페이퍼플라워(고양향동고)(3),경기도교육청평생학습관,권선구,학부모,기타,lib.goe.go.kr/gglec
특수학교 생활미용(수원서광학교)(1),경기도교육청평생학습관,장안구,특수교육대상학생 부모,학습/진로,lib.goe.go.kr/gglec
(중등) 부모가 먼저 알아야 할 진로특강(1),경기도교육청평생학습관,권선구,예비중학생 학부모,학습/진로,lib.goe.go.kr/gglec
<작가와의 만남> 미스터리 보건실 냥쌤,경기도교육청평생학습관,권선구,학부모,기타,lib.goe.go.kr/gglec
디지털에 지지 않는 부모 되기: 건강한 습관 및 관계 형성,경기도교육청평생학습관,권선구,학부모,디지털/영상,lib.goe.go.kr/gglec
[찾아가는 미래클러닝] 고교학점제와 2028 수능 이해,경기도교육청평생학습관,영통구,학부모,기타,lib.goe.go.kr/gglec
[찾아가는 문화예술] 페이퍼플라워(고양향동고)(2),경기도교육청평생학습관,권선구,학부모,기타,lib.goe.go.kr/gglec
[찾아가는 문화예술] Natural(종이공예)(수원세곡초)(2),경기도교육청평생학습관,권선구,학부모,예술/문화,lib.goe.go.kr/gglec
특수학교 생활미용(수원서광학교)(2),경기도교육청평생학습관,장안구,특수교육대상학생 부모,학습/진로,lib.goe.go.kr/gglec
[미래동행] 자녀를 이해하고 소통하는 감정코칭(수원율현초),경기도교육청평생학습관,팔달구,학부모,기타,lib.goe.go.kr/gglec
[찾아가는 문화예술] 식물공예(수원세곡초)(3),경기도교육청평생학습관,권선구,학부모,예술/문화,lib.goe.go.kr/gglec
특수학교 생활미용(화성나래학교)(2),경기도교육청평생학습관,권선구,특수교육대상학생 부모,학습/진로,lib.goe.go.kr/gglec
학교생활기록부 제대로 이해하기(2),경기도교육청평생학습관,권선구,중등 학부모,기타,lib.goe.go.kr/gglec
(유초등) 사교육을 이기는 4~7세 엄마표 수학 놀이(2),경기도교육청평생학습관,권선구,유초등 저학년 학부모,학습/진로,lib.goe.go.kr/gglec
"1학년을 응원해, 입학 준비(2)",경기도교육청평생학습관,권선구,6세+7세 자녀 학부모,기타,lib.goe.go.kr/gglec
[찾아가는 문화예술] 풍선아트(광주새롬학교)(2),경기도교육청평생학습관,권선구,학부모,기타,lib.goe.go.kr/gglec
[자격증 취득과정] 방과후지도사(3기)(5),경기도교육청평생학습관,권선구,학부모,기타,lib.goe.go.kr/gglec
나의 노후를 어디에 맡길 것인가,경기도교육청평생학습관,권선구,학부모,기타,lib.goe.go.kr/gglec
생각하는 힘을 키우는 십대의 질문법,경기도교육청평생학습관,권선구,학부모,기타,lib.goe.go.kr/gglec
특수학교입학예정자녀 학부모를 위한 사회정서학습,경기도교육청평생학습관,권선구,특수학교 입학예정자녀 학부모,학습/진로,lib.goe.go.kr/gglec
[자격증 취득과정] 방과후지도사(3기)(6),경기도교육청평생학습관,권선구,학부모,기타,lib.goe.go.kr/gglec
내가 쓴 글이 나를 위로한다(5),경기도교육청평생학습관,권선구,학부모,기타,lib.goe.go.kr/gglec
[미래클러닝] 솔쌤의 문해력 교실(3),경기도교육청평생학습관,권선구,초등학생 3학년,기타,lib.goe.go.kr/gglec
자존감을 높이는 버츄프로젝트(2),경기도교육청평생학습관,권선구,학부모,기타,lib.goe.go.kr/gglec
[찾아가는 문화예술] 전통민화(고양능곡초)(3),경기도교육청평생학습관,권선구,학부모,기타,lib.goe.go.kr/gglec
성공적인 초등생활을 이끄는 사회정서학습 로드맵,경기도교육청평생학습관,권선구,예비 초등 학부모,학습/진로,lib.goe.go.kr/gglec
[자격증 취득과정] 학교폭력예방상담사(5),경기도교육청평생학습관,권선구,학부모,기타,lib.goe.go.kr/gglec
특별한 아이를 키우는 엄마들에게 드리는 위로(5),경기도교육청평생학습관,권선구,학부모,기타,lib.goe.go.kr/gglec
(초등) 의대생이 알려주는 흔들리지 않는 공부정서,경기도교육청평생학습관,권선구,초등학생+학부모,학습/진로,lib.goe.go.kr/gglec
(중등) 의대생이 알려주는 공부 노하우,경기도교육청평생학습관,권선구,청소년+학부모,학습/진로,lib.goe.go.kr/gglec
챗GPT와 인공지능 활용,경기도교육청평생학습관,권선구,학부모,AI/코딩,lib.goe.go.kr/gglec
[찾아가는 문화예술] 클래식 음악(동수원초)(2),경기도교육청평생학습관,영통구,학부모,예술/문화,lib.goe.go.kr/gglec
특수학교 생활미용(수원서광학교)(3),경기도교육청평생학습관,장안구,특수교육대상학생 부모,학습/진로,lib.goe.go.kr/gglec
아이가 세상을 바라보는 창-부모의 언어,경기도교육청평생학습관,권선구,초등 저학년 학부모,기타,lib.goe.go.kr/gglec
(중등) 부모가 먼저 알아야 할 진로특강(2),경기도교육청평생학습관,권선구,예비중학생 학부모,학습/진로,lib.goe.go.kr/gglec
[찾아가는 문화예술] 클래식 음악(동수원초)(1),경기도교육청평생학습관,영통구,학부모,예술/문화,lib.goe.go.kr/gglec
아침마다 신나게 학교 가는 아이의 비밀,경기도교육청평생학습관,권선구,예비 초등 학부모,기타,lib.goe.go.kr/gglec
메타인지의 쓸모,경기도교육청평생학습관,권선구,중고등학생+학부모,기타,lib.goe.go.kr/gglec
언어치료사가 이야기하는 우리 아이 말과 글,경기도교육청평생학습관,권선구,학부모,기타,lib.goe.go.kr/gglec
특수학교 생활미용(화성나래학교)(3),경기도교육청평생학습관,권선구,특수교육대상학생 부모,학습/진로,lib.goe.go.kr/gglec
아이와 함께 떠나는 철학 버스 여행,경기도교육청평생학습관,권선구,학부모,기타,lib.goe.go.kr/gglec
2027학년도 대입전형의 이해,경기도교육청평생학습관,권선구,"고2 청소년, 학부모",기타,lib.goe.go.kr/gglec
"1학년을 응원해, 입학 준비(3)",경기도교육청평생학습관,권선구,6세+7세 자녀 학부모,기타,lib.goe.go.kr/gglec
특수학교 생활미용(화성나래학교,경기도교육청평생학습관,권선구,특수교육대상학생 부모,학습/진로,lib.goe.go.kr/gglec
특수학교 생활미용(화성나래학교)(4),경기도교육청평생학습관,권선구,특수교육대상학생 부모,학습/진로,lib.goe.go.kr/gglec
자녀의 기질별 맞춤형 학습코칭,경기도교육청평생학습관,권선구,예비 초등 학부모,학습/진로,lib.goe.go.kr/gglec
재미있는 역사,경기도교육청평생학습관,권선구,청소년+학부모,기타,lib.goe.go.kr/gglec
"1학년을 응원해, 입학 준비(4)",경기도교육청평생학습관,권선구,6세+7세 자녀 학부모,기타,lib.goe.go.kr/gglec
[찾아가는 문화예술] 풍선아트(광주새롬학교)(2),경기도교육청평생학습관,권선구,학부모,기타,lib.goe.go.kr/gglec
나와 너를 만나는 독서심리여행,경기도교육청평생학습관,권선구,학부모,기타,lib.goe.go.kr/gglec
자녀 영상물 바로보기- 학부모를 위한 미디어 리터러시 교육,경기도교육청평생학습관,권선구,학부모,디지털/영상,lib.goe.go.kr/gglec
"중학교 가는 길, 초등공부로 다져라",경기도교육청평생학습관,권선구,예비 중학교 학부모,학습/진로,lib.goe.go.kr/gglec
[미래클러닝] 솔쌤의 문해력 교실(4),경기도교육청평생학습관,권선구,초등학생 3학년,기타,lib.goe.go.kr/gglec
[자격증 취득과정] 학교폭력예방상담사(6),경기도교육청평생학습관,권선구,학부모,기타,lib.goe.go.kr/gglec
[별중별 시리즈] 11월 특강: 놓치지 말아야 할 공부 감정,경기도교육청평생학습관,권선구,학부모,학습/진로,lib.goe.go.kr/gglec
지역으로 찾아가는 진로학업설계 및 공부성향진단(수원시),경기도교육청평생학습관,권선구,고등학교 1+2학년,학습/진로,lib.goe.go.kr/gglec
학교생활기록부를 바꾸는 중등 글쓰기 훈련(1),경기도교육청평생학습관,권선구,중2+중3 청소년,기타,lib.goe.go.kr/gglec
7개국어구사자가 알려주는 다문화가정부모 및 자녀 중고등학생 공부학습법,경기도교육청평생학습관,권선구,다문화가정부모 및 자녀,학습/진로,lib.goe.go.kr/gglec
그림책 육아정서 테라피(1),경기도교육청평생학습관,권선구,유초등 학부모,기타,lib.goe.go.kr/gglec
7개국어 구사자가 알려주는 다문화가정부모 및 자녀 중고등학생 진로 멘토링,경기도교육청평생학습관,권선구,다문화가정부모 및 자녀,학습/진로,lib.goe.go.kr/gglec
학교생활기록부를 바꾸는 중등 글쓰기 훈련(2),경기도교육청평생학습관,권선구,중2+중3 청소년,기타,lib.goe.go.kr/gglec
학교밖청소년을 위한 학교밖에서 살아남기_수학1등급 비결(2),경기도교육청평생학습관,권선구,학교밖청소년 및 학부모,학습/진로,lib.goe.go.kr/gglec
특수학교 생활미용(수원서광학교)(4),경기도교육청평생학습관,장안구,특수교육대상학생 부모,학습/진로,lib.goe.go.kr/gglec
(초등) 특수교육대상학생 부모 입학준비 가이드,경기도교육청평생학습관,권선구,초등 특수교육대상학생 부모,기타,lib.goe.go.kr/gglec
부모와 자녀의 충만한 삶을 위한 수용전념치료(5),경기도교육청평생학습관,권선구,학부모,기타,lib.goe.go.kr/gglec
엄마의 대화력-내 아이 맞춤형 대화법,경기도교육청평생학습관,권선구,유초등 학부모,기타,lib.goe.go.kr/gglec
"건강한 식생활, 아이의 미래를 바꾸다(5)",경기도교육청평생학습관,권선구,학부모,기타,lib.goe.go.kr/gglec
[찾아가는 미래클러닝] 생기부 제대로 보기,경기도교육청평생학습관,영통구,학생+학부모,기타,lib.goe.go.kr/gglec
"우리 아이, 역사와 친해질 수 있을까?",경기도교육청평생학습관,권선구,초중등 학부모,기타,lib.goe.go.kr/gglec
그림책 육아정서 테라피(2),경기도교육청평생학습관,권선구,유초등 학부모,기타,lib.goe.go.kr/gglec
(중등) 특수교육대상학생 부모 입학준비 가이드,경기도교육청평생학습관,권선구,중등 특수교육대상학생 부모,기타,lib.goe.go.kr/gglec
"자녀와의 대화법, 챗지피티 활용(5)",경기도교육청평생학습관,권선구,학부모,기타,lib.goe.go.kr/gglec
꿈을 찾는 진로 상담소,경기도교육청평생학습관,권선구,학부모,학습/진로,lib.goe.go.kr/gglec
[자격증 취득과정] 방과후지도사(4기)(2),경기도교육청평생학습관,권선구,학부모,기타,lib.goe.go.kr/gglec
[찾아가는 미래클러닝] 나는 충분히 괜찮은 엄마입니다,경기도교육청평생학습관,영통구,학부모,기타,lib.goe.go.kr/gglec
[작가와의 만남] 나답게 사는 삶,경기도교육청평생학습관,권선구,학부모,기타,lib.goe.go.kr/gglec
[자격증 취득과정] 방과후지도사(4기)(1),경기도교육청평생학습관,권선구,학부모,기타,lib.goe.go.kr/gglec
"1학년을 응원해, 입학 준비(5)",경기도교육청평생학습관,권선구,6세+7세 자녀 학부모,기타,lib.goe.go.kr/gglec
사춘기 자녀 미래역량을 키우는 부모 마인드셋,경기도교육청평생학습관,권선구,학부모,기타,lib.goe.go.kr/gglec
학부모가 알아야 할 AI시대 미래역량의 핵심,경기도교육청평생학습관,권선구,초중등 학부모,AI/코딩,lib.goe.go.kr/gglec
[자격증 취득과정] 방과후지도사(4기)(4),경기도교육청평생학습관,권선구,학부모,기타,lib.goe.go.kr/gglec
현명한 간식 관리로 우리 아이 건강 식습관 완성하기,경기도교육청평생학습관,권선구,유초등 학부모,기타,lib.goe.go.kr/gglec
(앵콜강의) 진짜공부 vs 가짜공부,경기도교육청평생학습관,권선구,"청소년, 학부모",학습/진로,lib.goe.go.kr/gglec
[자격증 취득과정] 방과후지도사(4기)(3),경기도교육청평생학습관,권선구,학부모,기타,lib.goe.go.kr/gglec
1학년이 자신만만해지는 수학놀이,경기도교육청평생학습관,권선구,예비 초등 학부모,학습/진로,lib.goe.go.kr/gglec
"행복육아의 첫걸음, 나를 아는 시간:부모 자기탐색 워크숍",경기도교육청평생학습관,권선구,초등 학부모,기타,lib.goe.go.kr/gglec
우리 아이 말문을 여는 대화 스킬,경기도교육청평생학습관,권선구,학부모,기타,lib.goe.go.kr/gglec
품격을 높이는 실전 글쓰기,경기도교육청평생학습관,권선구,학부모,기타,lib.goe.go.kr/gglec
[여름방학 미래클러닝] 음악으로 만나는 세상(2),경기도교육청평생학습관,권선구,초등학교 1+2학년,예술/문화,lib.goe.go.kr/gglec
초등 학부모를 위한 AI 활용 능력 강화 연수(5),경기도교육청평생학습관,권선구,초등 학부모,AI/코딩,lib.goe.go.kr/gglec
[여름방학 미래클러닝] 어린이를 위한 그리스 로마신화와 미술(2),경기도교육청평생학습관,권선구,초등학교 1+2학년,예술/문화,lib.goe.go.kr/gglec
나노와 인공지능이 만드는 미래: 어떻게 대비해야 할까?,경기도교육청평생학습관,권선구,학부모+자녀,AI/코딩,lib.goe.go.kr/gglec
노션(Notion)으로 시작하는 디지털 기록(3),경기도교육청평생학습관,권선구,학부모,디지털/영상,lib.goe.go.kr/gglec
[자격증 취득과정] 디지털중독예방지도사(5),경기도교육청평생학습관,권선구,학부모,디지털/영상,lib.goe.go.kr/gglec
[여름방학 미래클러닝] 어린이 인성교육 나침반(3),경기도교육청평생학습관,권선구,초등학교 1+2학년,기타,lib.goe.go.kr/gglec
중등 학부모를 위한 가정에서 쉽게 따라 하는 챗지피티 활용 실습(3),경기도교육청평생학습관,권선구,학부모,기타,lib.goe.go.kr/gglec
[여름방학 미래클러닝] 어린이 인성교육 나침반(2),경기도교육청평생학습관,권선구,초등학교 1+2학년,기타,lib.goe.go.kr/gglec
노션(Notion)으로 시작하는 디지털 기록(2),경기도교육청평생학습관,권선구,학부모,디지털/영상,lib.goe.go.kr/gglec
[여름방학 미래클러닝] 그림책 문해력 놀이터(2),경기도교육청평생학습관,권선구,초등학교 1+2학년,기타,lib.goe.go.kr/gglec
초등 학부모를 위한 AI 활용 능력 강화 연수(4),경기도교육청평생학습관,권선구,초등 학부모,AI/코딩,lib.goe.go.kr/gglec
[여름방학 미래클러닝] 신나는 영어동요 부르기(2),경기도교육청평생학습관,권선구,초등학교 1+2학년,학습/진로,lib.goe.go.kr/gglec
초보도 쉽게 배우는 AI 실습(3),경기도교육청평생학습관,권선구,학부모,AI/코딩,lib.goe.go.kr/gglec
[여름방학 미래클러닝] 음악으로 만나는 세상(1),경기도교육청평생학습관,권선구,초등학교 1+2학년,예술/문화,lib.goe.go.kr/gglec
초등 학부모를 위한 AI 활용 능력 강화 연수(3),경기도교육청평생학습관,권선구,초등 학부모,AI/코딩,lib.goe.go.kr/gglec
[여름방학 미래클러닝] 어린이를 위한 그리스 로마신화와 미술(1),경기도교육청평생학습관,권선구,초등학교 1+2학년,예술/문화,lib.goe.go.kr/gglec
[자격증 취득과정] 방과후지도사(2기)(6),경기도교육청평생학습관,권선구,학부모,기타,lib.goe.go.kr/gglec
[별중별 시리즈] 8월 특강: 입시전략 및 대비법,경기도교육청평생학습관,권선구,중등 학부모,기타,lib.goe.go.kr/gglec
[미래동행] 디지털문화와 성폭력이해(시흥진말초),경기도교육청평생학습관,권선구,학부모,디지털/영상,lib.goe.go.kr/gglec
"자녀와의 대화법, 챗지피티 활용(3)",경기도교육청평생학습관,권선구,학부모,기타,lib.goe.go.kr/gglec
엄마에서 나로 홀로서기(1),경기도교육청평생학습관,권선구,학부모,기타,lib.goe.go.kr/gglec
[미래동행] 디지털문화와 성폭력이해(안양귀인중),경기도교육청평생학습관,권선구,학부모,디지털/영상,lib.goe.go.kr/gglec
[미래동행] 감정코치의효과 뇌 과학적 이해와 대화 필요(화성오산창의나라유치원),경기도교육청평생학습관,권선구,학부모,기타,lib.goe.go.kr/gglec
[여름방학 미래클러닝] 어린이를 위한 그리스 로마신화와 미술(3),경기도교육청평생학습관,권선구,초등학교 1+2학년,예술/문화,lib.goe.go.kr/gglec
[여름방학 미래클러닝] 신나는 영어동요 부르기(3),경기도교육청평생학습관,권선구,초등학교 1+2학년,학습/진로,lib.goe.go.kr/gglec
[자격증 취득과정] 디지털중독예방지도사(6),경기도교육청평생학습관,권선구,학부모,디지털/영상,lib.goe.go.kr/gglec
[여름방학 미래클러닝] 그립톡&모루인형 만들기,경기도교육청평생학습관,권선구,초등학교 1+2학년,기타,lib.goe.go.kr/gglec
중등 학부모를 위한 가정에서 쉽게 따라 하는 챗지피티 활용 실습(4),경기도교육청평생학습관,권선구,학부모,기타,lib.goe.go.kr/gglec
노션(Notion)으로 시작하는 디지털 기록(4),경기도교육청평생학습관,권선구,학부모,디지털/영상,lib.goe.go.kr/gglec
"10대의 글쓰기, 왜 해야하나? 어떻게 도와줄까?",경기도교육청평생학습관,권선구,학부모,기타,lib.goe.go.kr/gglec
[미래클러닝] 똑필샘의 사자소학 교실(1),경기도교육청평생학습관,권선구,초등학교 3+4+5학년,기타,lib.goe.go.kr/gglec
[여름방학 미래클러닝] 그림책 문해력 놀이터(3),경기도교육청평생학습관,권선구,초등학교 1+2학년,기타,lib.goe.go.kr/gglec
초등 학부모를 위한 AI 활용 능력 강화 연수(6),경기도교육청평생학습관,권선구,초등 학부모,AI/코딩,lib.goe.go.kr/gglec
초보도 쉽게 배우는 AI 실습(4),경기도교육청평생학습관,권선구,학부모,AI/코딩,lib.goe.go.kr/gglec
엄마에서 나로 홀로서기(3),경기도교육청평생학습관,권선구,학부모,기타,lib.goe.go.kr/gglec
[특성화고 입학설명회] 홍익디자인고등학교,경기도교육청평생학습관,권선구,학생+학부모,기타,lib.goe.go.kr/gglec
"[미래로그 2기_유초등]  국어교과서 속 작품, 문해력으로 다시 읽기",경기도교육청평생학습관,권선구,유초등 학부모,기타,lib.goe.go.kr/gglec
[미래로그 2기_유초등] 역사와 친해질 수 있는 방법,경기도교육청평생학습관,권선구,유초등 학부모,기타,lib.goe.go.kr/gglec
[찾아가는 미래클러닝] 사춘기 뇌발달 특성의 이해,경기도교육청평생학습관,영통구,학생+학부모,기타,lib.goe.go.kr/gglec
[미래클러닝] 똑필샘의 사자소학 교실(2),경기도교육청평생학습관,권선구,초등학교 3+4+5학년,기타,lib.goe.go.kr/gglec
배움이 잇는 우리-다양한 홈스쿨 활동 (1),경기도교육청평생학습관,권선구,학부모,기타,lib.goe.go.kr/gglec
그림책으로 배우는 공감의 기술(1),경기도교육청평생학습관,권선구,학부모,기타,lib.goe.go.kr/gglec
[수원시 공감교류] 공부습관 만들기 전략,경기도교육청평생학습관,권선구,중고생+학부모,학습/진로,lib.goe.go.kr/gglec
엄마에서 나로 홀로서기(2),경기도교육청평생학습관,권선구,느린학습자 양육자,기타,lib.goe.go.kr/gglec
기질로 알아보는 학습유형과 소통법,경기도교육청평생학습관,권선구,학부모,학습/진로,lib.goe.go.kr/gglec
그림책으로 나누는 육아 정서(3),경기도교육청평생학습관,권선구,학부모,기타,lib.goe.go.kr/gglec
"[미래동행] 거짓말,도둑질,욕설 어떻게 할까?(용인신릉중)",경기도교육청평생학습관,권선구,학부모,기타,lib.goe.go.kr/gglec
"건강한 식생활, 아이의 미래를 바꾸다(2)",경기도교육청평생학습관,권선구,학부모,기타,lib.goe.go.kr/gglec
[특성화고 입학설명회] 경기국제통상고등학교,경기도교육청평생학습관,권선구,학생+학부모,기타,lib.goe.go.kr/gglec
엄마에서 나로 홀로서기(4),경기도교육청평생학습관,권선구,학부모,기타,lib.goe.go.kr/gglec
발달장애 자녀의 발달과 자립을 위한 부모의 역할(4),경기도교육청평생학습관,권선구,학부모,기타,lib.goe.go.kr/gglec
생활기록부로 알아보는 고등학교 생활,경기도교육청평생학습관,권선구,중등 학부모,기타,lib.goe.go.kr/gglec
[미래로그 2기_중등] 미리 해보는 고등학교 역사 공부,경기도교육청평생학습관,권선구,학부모,학습/진로,lib.goe.go.kr/gglec
[특성화고 입학설명회] 양동고등학교,경기도교육청평생학습관,권선구,학생+학부모,기타,lib.goe.go.kr/gglec
[특성화고 입학설명회] 한국애니메이션고등학교,경기도교육청평생학습관,권선구,학생+학부모,기타,lib.goe.go.kr/gglec
치유와 성장의 글쓰기(5),경기도교육청평생학습관,권선구,학부모,기타,lib.goe.go.kr/gglec
[특성화고 입학설명회] 세경고등학교,경기도교육청평생학습관,권선구,학생+학부모,기타,lib.goe.go.kr/gglec
[미래로그 2기_중등] 수행평가 제대로 이해하기,경기도교육청평생학습관,권선구,중등 학부모,기타,lib.goe.go.kr/gglec
배움이 잇는 우리-다양한 홈스쿨 활동 (1),경기도교육청평생학습관,권선구,학부모,기타,lib.goe.go.kr/gglec
그림책으로 배우는 공감의 기술(2),경기도교육청평생학습관,권선구,학부모,기타,lib.goe.go.kr/gglec
[특성화고 입학설명회] 덕영고등학교,경기도교육청평생학습관,권선구,학생+학부모,기타,lib.goe.go.kr/gglec
[특성화고 입학설명회] 동일공업고등학교,경기도교육청평생학습관,권선구,학생+학부모,기타,lib.goe.go.kr/gglec
[미래로그 2기_유초등] 진짜공부 VS 가짜공부,경기도교육청평생학습관,권선구,유초등 학부모,학습/진로,lib.goe.go.kr/gglec
[특성화고 입학설명회] 평촌과학기술고등학교,경기도교육청평생학습관,권선구,학생+학부모,기타,lib.goe.go.kr/gglec
[특성화고 입학설명회] AI 로봇시대 진로직업교육의 변화,경기도교육청평생학습관,권선구,학생+학부모,"AI/코딩,학습/진로",lib.goe.go.kr/gglec
엄마에서 나로 홀로서기(5),경기도교육청평생학습관,권선구,학부모,기타,lib.goe.go.kr/gglec
[미래동행] 공부머리보다 공부습관(고양향동숲내초),경기도교육청평생학습관,권선구,학부모,학습/진로,lib.goe.go.kr/gglec
[특성화고 입학설명회] 경기자동차과학고등학교,경기도교육청평생학습관,권선구,학생+학부모,기타,lib.goe.go.kr/gglec
[미래로그 2기_유초등] 기질별로 알아보는 학습도움,경기도교육청평생학습관,권선구,학부모,학습/진로,lib.goe.go.kr/gglec
[미래클러닝] 똑필샘의 사자소학 교실(3),경기도교육청평생학습관,권선구,초등학교 3+4+5학년,기타,lib.goe.go.kr/gglec
[특성화고 입학설명회] 양영디지털고등학교,경기도교육청평생학습관,권선구,학생+학부모,디지털/영상,lib.goe.go.kr/gglec
[찾아가는 미래클러닝] 역사로 스몰토크,경기도교육청평생학습관,영통구,학부모,기타,lib.goe.go.kr/gglec
[미래동행] 자녀의 인성을 키우는 5가지 습관(파주운정초롱유),경기도교육청평생학습관,권선구,학부모,기타,lib.goe.go.kr/gglec
[미래로그 2기_공통] 캔바로 스마트한 학부모 되기,경기도교육청평생학습관,권선구,학부모,기타,lib.goe.go.kr/gglec
[자격증 취득과정] AI활용지도사(1),경기도교육청평생학습관,권선구,학부모,AI/코딩,lib.goe.go.kr/gglec
[특성화고 입학설명회] 이천세무고등학교,경기도교육청평생학습관,권선구,학생+학부모,기타,lib.goe.go.kr/gglec
[특성화고 입학설명회] 삼일고등학교,경기도교육청평생학습관,권선구,학생+학부모,기타,lib.goe.go.kr/gglec
배움이 잇는 우리-다양한 홈스쿨 활동(3),경기도교육청평생학습관,권선구,학부모,기타,lib.goe.go.kr/gglec
내가 쓴 글이 나를 위로한다(4),경기도교육청평생학습관,권선구,학부모,기타,lib.goe.go.kr/gglec
그림책으로 배우는 공감의 기술(3),경기도교육청평생학습관,권선구,학부모,기타,lib.goe.go.kr/gglec
[특성화고 입학설명회] 경기관광고등학교,경기도교육청평생학습관,권선구,학생+학부모,기타,lib.goe.go.kr/gglec
가정에서 쉽게 실천할 수 있는 자녀 경제교육(5),경기도교육청평생학습관,권선구,학부모,기타,lib.goe.go.kr/gglec
[미래로그 2기_중등] 중등 부모를 위한 입시의 이해,경기도교육청평생학습관,권선구,학부모,기타,lib.goe.go.kr/gglec
[수원시 공감교류] 고교학점제 및 2028 수능 이해하기,경기도교육청평생학습관,권선구,학생+학부모,기타,lib.goe.go.kr/gglec
[별중별 시리즈] 9월 특강: 1등급 공부법,경기도교육청평생학습관,권선구,학부모,학습/진로,lib.goe.go.kr/gglec
[자격증 취득과정] 부모교육지도사(2),경기도교육청평생학습관,권선구,학부모,기타,lib.goe.go.kr/gglec
[미래동행] AI시대 우리아이 학습법(수원글빛초),경기도교육청평생학습관,권선구,학부모,"AI/코딩,학습/진로",lib.goe.go.kr/gglec
부모와 자녀의 충만한 삶을 위한 수용전념치료(4),경기도교육청평생학습관,권선구,학부모,기타,lib.goe.go.kr/gglec
[미래동행] 자녀와의 의사소통 및 대화기술(남양주노엘유),경기도교육청평생학습관,권선구,학부모,기타,lib.goe.go.kr/gglec
"건강한 식생활, 아이의 미래를 바꾸다(3)",경기도교육청평생학습관,권선구,학부모,기타,lib.goe.go.kr/gglec
[자격증 취득과정] AI활용지도사(2),경기도교육청평생학습관,권선구,학부모,AI/코딩,lib.goe.go.kr/gglec
배움이 잇는 우리-다양한 홈스쿨 활동(4),경기도교육청평생학습관,권선구,학부모,기타,lib.goe.go.kr/gglec
그림책으로 배우는 공감의 기술(4),경기도교육청평생학습관,권선구,학부모,기타,lib.goe.go.kr/gglec
[자격증 취득과정] 부모교육지도사(1),경기도교육청평생학습관,권선구,학부모,기타,lib.goe.go.kr/gglec
"[미래동행] 거짓말,도둑질,욕설 어떻게 할까?(파주한빛중)",경기도교육청평생학습관,권선구,학부모,기타,lib.goe.go.kr/gglec
[특성화고 입학설명회] 의정부공업고등학교,경기도교육청평생학습관,권선구,학생+학부모,기타,lib.goe.go.kr/gglec
[미래로그_2기_중등] 기질과 성격에 맞는 공부법 찾기,경기도교육청평생학습관,권선구,학부모,학습/진로,lib.goe.go.kr/gglec
그림책으로 나누는 육아 정서(5),경기도교육청평생학습관,권선구,학부모,기타,lib.goe.go.kr/gglec
[미래클러닝] 똑필샘의 사자소학 교실(4),경기도교육청평생학습관,권선구,초등학교 3~5학년,기타,lib.goe.go.kr/gglec
[찾아가는 미래클러닝] 슬기로운 공부 로드맵,경기도교육청평생학습관,영통구,"학생, 학부모",학습/진로,lib.goe.go.kr/gglec
엄마표 학습에서 자기주도학습으로 잇기(1),경기도교육청평생학습관,권선구,초등 학부모,학습/진로,lib.goe.go.kr/gglec
초등 공부머리의 힘,경기도교육청평생학습관,권선구,학부모,학습/진로,lib.goe.go.kr/gglec
퍼실리테이터로서 자녀와의 대화법,경기도교육청평생학습관,권선구,학부모,기타,lib.goe.go.kr/gglec
[자격증 취득과정] 방과후지도사(3기)(1),경기도교육청평생학습관,권선구,학부모,기타,lib.goe.go.kr/gglec
그림책 공감 토크,경기도교육청평생학습관,권선구,학부모,기타,lib.goe.go.kr/gglec
[자격증 취득과정] 부모교육지도사(3),경기도교육청평생학습관,권선구,학부모,기타,lib.goe.go.kr/gglec
[자격증 취득과정] AI활용지도사(3),경기도교육청평생학습관,권선구,학부모,AI/코딩,lib.goe.go.kr/gglec
배움이 잇는 우리-다양한 홈스쿨 활동(5),경기도교육청평생학습관,권선구,학부모,기타,lib.goe.go.kr/gglec
그림책으로 배우는 공감의 기술(5),경기도교육청평생학습관,권선구,학부모,기타,lib.goe.go.kr/gglec
엄마표 학습에서 자기주도학습으로 잇기(2),경기도교육청평생학습관,권선구,초등 학부모,학습/진로,lib.goe.go.kr/gglec
통합과학 톺아보기(중등)(1),경기도교육청평생학습관,권선구,중등 학부모,기타,lib.goe.go.kr/gglec
[자격증 취득과정] AI활용지도사(4),경기도교육청평생학습관,권선구,학부모,AI/코딩,lib.goe.go.kr/gglec
중학생을 위한 공부머리의 힘,경기도교육청평생학습관,권선구,중등 학부모,학습/진로,lib.goe.go.kr/gglec
[자격증 취득과정] 방과후지도사(3기)(2),경기도교육청평생학습관,권선구,학부모,기타,lib.goe.go.kr/gglec
영상 콘텐츠 기획 및 영상 촬영 편집,경기도교육청평생학습관,권선구,학교 밖 청소년 및 부모,디지털/영상,lib.goe.go.kr/gglec
[자격증 취득과정] 학교폭력예방상담사(1),경기도교육청평생학습관,권선구,학부모,기타,lib.goe.go.kr/gglec
특별한 아이를 키우는 엄마들에게 드리는 위로(1),경기도교육청평생학습관,권선구,학부모,기타,lib.goe.go.kr/gglec
"딥페이크 시대, 현명한 부모의 선택",경기도교육청평생학습관,권선구,학부모,기타,lib.goe.go.kr/gglec
[수원시 공감교류] 슬기롭게 준비하는 대학입시와 공부로드맵,경기도교육청평생학습관,영통구,"학생, 학부모",학습/진로,lib.goe.go.kr/gglec
나의 가치를 높이는 크리에이터 되기,경기도교육청평생학습관,권선구,학교 밖 청소년 및 부모,기타,lib.goe.go.kr/gglec
[자격증 취득과정] 부모교육지도사(4),경기도교육청평생학습관,권선구,학부모,기타,lib.goe.go.kr/gglec
사람을 살리는 글쓰기,경기도교육청평생학습관,권선구,학부모,기타,lib.goe.go.kr/gglec
5등급제와 고교학점제를 대비한 중학교 학습방법,경기도교육청평생학습관,권선구,중등 학부모,학습/진로,lib.goe.go.kr/gglec
느린학습자 아동지원의 실제와 이해,경기도교육청평생학습관,권선구,느린학습자 학부모,학습/진로,lib.goe.go.kr/gglec
[별중별 시리즈] 우리아이 놓치지 말아야 할 공부문해력,경기도교육청평생학습관,권선구,학부모,학습/진로,lib.goe.go.kr/gglec
특별한 아이를 키우는 엄마들에게 드리는 위로(2),경기도교육청평생학습관,권선구,학부모,기타,lib.goe.go.kr/gglec
A4 한 장을 쓰는 힘,경기도교육청평생학습관,권선구,"청소년, 학부모",기타,lib.goe.go.kr/gglec
[자격증 취득과정] 부모교육지도사(5),경기도교육청평생학습관,권선구,학부모,기타,lib.goe.go.kr/gglec
"불안한 사춘기,든든한 부모되기-변호사와 함께하는 학교폭력예방",경기도교육청평생학습관,권선구,중등 학부모,기타,lib.goe.go.kr/gglec
"문해력 첫걸음, 일기쓰기 코칭",경기도교육청평생학습관,권선구,초등 학부모,기타,lib.goe.go.kr/gglec
학교폭력 예방 첫걸음-변호사와 함께하는 초등자녀 법률 가이드,경기도교육청평생학습관,권선구,초등 학부모,기타,lib.goe.go.kr/gglec
"자녀와의 대화법, 챗지피티 활용(4)",경기도교육청평생학습관,권선구,학부모,기타,lib.goe.go.kr/gglec
"건강한 식생활, 아이의 미래를 바꾸다(4)",경기도교육청평생학습관,권선구,학부모,기타,lib.goe.go.kr/gglec
[미래동행] 자녀의 긍정적 교우관계 형성을 위한 부모코칭(고양지축초),경기도교육청평생학습관,권선구,학부모,기타,lib.goe.go.kr/gglec
학교밖청소년을 위한 학교밖에서 살아남기(1),경기도교육청평생학습관,권선구,학교밖청소년 및 부모,기타,lib.goe.go.kr/gglec
"AI시대, 교육의 방향과 대응",경기도교육청평생학습관,권선구,학부모,AI/코딩,lib.goe.go.kr/gglec
영화와 이야기가 있는 클래식 인문학(2),경기도교육청평생학습관,권선구,학부모,기타,lib.goe.go.kr/gglec
발달장애 자녀의 발달과 자립을 위한 부모의 역할(5),경기도교육청평생학습관,권선구,학부모,기타,lib.goe.go.kr/gglec
[미래클러닝] 똑필샘의 사자소학 교실(5),경기도교육청평생학습관,권선구,초등학교 3+4+5학년,기타,lib.goe.go.kr/gglec
[찾아가는 문화예술] 마크라메(수원세곡초)(1),경기도교육청평생학습관,권선구,학부모,기타,lib.goe.go.kr/gglec
영화와 이야기가 있는 클래식 인문학(1),경기도교육청평생학습관,권선구,학부모,기타,lib.goe.go.kr/gglec
통합과학 톺아보기(중등)(2),경기도교육청평생학습관,권선구,중등 학부모,기타,lib.goe.go.kr/gglec
7개국어 구사자가 알려주는 외국어 학습법,경기도교육청평생학습관,권선구,다문화가정부모,학습/진로,lib.goe.go.kr/gglec
[자격증 취득과정] AI활용지도사(5),경기도교육청평생학습관,권선구,학부모,AI/코딩,lib.goe.go.kr/gglec
[자격증 취득과정] 방과후지도사(3기)(3),경기도교육청평생학습관,권선구,학부모,기타,lib.goe.go.kr/gglec
[자격증 취득과정] 학교폭력예방상담사(2),경기도교육청평생학습관,권선구,학부모,기타,lib.goe.go.kr/gglec
내 감정을 다스리는 클래식 수업(2),경기도교육청평생학습관,권선구,학부모,기타,lib.goe.go.kr/gglec
나만의 콘텐츠로 빛나는 크리에이터 되기,경기도교육청평생학습관,권선구,학교 밖 청소년,기타,lib.goe.go.kr/gglec
"초등 고학년, 글쓰기가 답이다(3)",경기도교육청평생학습관,권선구,학부모,기타,lib.goe.go.kr/gglec
[미래클러닝] 청소년 감정코칭 <마음을 보다>(2),경기도교육청평생학습관,권선구,중고등학생+청소년,기타,lib.goe.go.kr/gglec
학부모가 알아야 할 초등 문해력 키우는 법(2),경기도교육청평생학습관,권선구,유초등 학부모,기타,lib.goe.go.kr/gglec
편한드로잉 오일파스텔 기초(2),경기도교육청평생학습관,권선구,학부모,예술/문화,lib.goe.go.kr/gglec
치유와 성장의 글쓰기(2),경기도교육청평생학습관,권선구,학부모,기타,lib.goe.go.kr/gglec
우리 집이 최고의 학습 코칭 센터(1),경기도교육청평생학습관,권선구,학부모,학습/진로,lib.goe.go.kr/gglec
사춘기 아이 공감 대화법,경기도교육청평생학습관,권선구,학부모,기타,lib.goe.go.kr/gglec
느린학습자를 위한 통하는 학교생활(1),경기도교육청평생학습관,권선구,느린학습자 학부모,학습/진로,lib.goe.go.kr/gglec
"건강한 동행, 장애자녀와 함께 성장하기(4)",경기도교육청평생학습관,권선구,학부모,기타,lib.goe.go.kr/gglec
[자격증 취득과정] 방과후지도사(4),경기도교육청평생학습관,권선구,학부모,기타,lib.goe.go.kr/gglec
성화쌤의 친절한 초등 경제 상담소(1),경기도교육청평생학습관,권선구,초중생 학부모,기타,lib.goe.go.kr/gglec
글로벌가정-슬기로운 금융생활 길라잡이,경기도교육청평생학습관,권선구,글로벌가정 부모,기타,lib.goe.go.kr/gglec
[별중별 시리즈] 5월 특강: 초중등 영어공부 로드맵,경기도교육청평생학습관,권선구,학부모,학습/진로,lib.goe.go.kr/gglec
꿈을 설계하는 진로진학 컨설팅,경기도교육청평생학습관,권선구,학교 밖 청소년,학습/진로,lib.goe.go.kr/gglec
내 감정을 다스리는 클래식 수업(1),경기도교육청평생학습관,권선구,학부모,기타,lib.goe.go.kr/gglec
"의사소통, 장애아동 성장의 황금열쇠",경기도교육청평생학습관,권선구,장애 아동 부모,기타,lib.goe.go.kr/gglec
알아두면 유익한 청소년 근로상식,경기도교육청평생학습관,권선구,학교 밖 청소년,기타,lib.goe.go.kr/gglec
수학 1등급 로드맵(5),경기도교육청평생학습관,권선구,학부모,학습/진로,lib.goe.go.kr/gglec
그림책으로 나누는 육아 정서(2),경기도교육청평생학습관,권선구,학부모,기타,lib.goe.go.kr/gglec
[자격증 취득과정] 독서지도사(1),경기도교육청평생학습관,권선구,학부모,기타,lib.goe.go.kr/gglec
자폐성 장애아이의 무발화에서 한글을 깨우치기까지(3),경기도교육청평생학습관,권선구,학부모,기타,lib.goe.go.kr/gglec
의대생이 알려주는 중고등 시험대비 노하우,경기도교육청평생학습관,권선구,청소년+중고등 학부모,기타,lib.goe.go.kr/gglec
의대생이 알려주는 유초등 공부정서 노하우,경기도교육청평생학습관,권선구,유초등 학부모,학습/진로,lib.goe.go.kr/gglec
장애자녀와 함께 긍정교육실천으로 성장해가는 가족(2),경기도교육청평생학습관,권선구,학부모,기타,lib.goe.go.kr/gglec
초등수학 습관 바로잡기,경기도교육청평생학습관,권선구,초등 학부모,학습/진로,lib.goe.go.kr/gglec
편한드로잉 오일파스텔 기초(3),경기도교육청평생학습관,권선구,학부모,예술/문화,lib.goe.go.kr/gglec
교과서가 쉬워지는 융합독서법(1),경기도교육청평생학습관,권선구,초등 학부모,기타,lib.goe.go.kr/gglec
우리 집이 최고의 학습 코칭 센터(2),경기도교육청평생학습관,권선구,학부모,학습/진로,lib.goe.go.kr/gglec
느린학습자를 위한 통하는 학교생활(2),경기도교육청평생학습관,권선구,느린학습자 학부모,학습/진로,lib.goe.go.kr/gglec
"건강한 동행, 장애자녀와 함께 성장하기(5)",경기도교육청평생학습관,권선구,학부모,기타,lib.goe.go.kr/gglec
아이의 마음을 움직이는 공감대화법,경기도교육청평생학습관,권선구,유초등 학부모,기타,lib.goe.go.kr/gglec
[자격증 취득과정] 방과후지도사(5),경기도교육청평생학습관,권선구,학부모,기타,lib.goe.go.kr/gglec
성화쌤의 친절한 초등 경제 상담소(2),경기도교육청평생학습관,권선구,초중생 학부모,기타,lib.goe.go.kr/gglec
심리전문가와 함께하는 슬기로운 부부가족생활(1),경기도교육청평생학습관,권선구,학부모,기타,lib.goe.go.kr/gglec
가정에서 쉽게 실천할 수 있는 자녀 경제교육(2),경기도교육청평생학습관,권선구,학부모,기타,lib.goe.go.kr/gglec
수학 1등급 로드맵(4),경기도교육청평생학습관,권선구,학부모,학습/진로,lib.goe.go.kr/gglec
고교학점제와 2028대입 이해하기,경기도교육청평생학습관,권선구,중학교 및 고1 자녀 학부모,기타,lib.goe.go.kr/gglec
[미래로그] 사춘기 뇌발달 특성 이해 및 부모의 역할,경기도교육청평생학습관,권선구,중등 학부모,기타,lib.goe.go.kr/gglec
[별중별 시리즈] 6월특강: 초중등 부모를 위한 입시의 이해,경기도교육청평생학습관,권선구,학부모,기타,lib.goe.go.kr/gglec
[자격증 취득과정] 독서지도사(3),경기도교육청평생학습관,권선구,학부모,기타,lib.goe.go.kr/gglec
우리 집이 최고의 학습 코칭 센터(4),경기도교육청평생학습관,권선구,학부모,학습/진로,lib.goe.go.kr/gglec
자폐성 장애아이의 무발화에서 한글을 깨우치기까지(4),경기도교육청평생학습관,권선구,학부모,기타,lib.goe.go.kr/gglec
부모가 이해하고 자녀와 함께 성장하는 소통방법,경기도교육청평생학습관,권선구,학교 밖 청소년,기타,lib.goe.go.kr/gglec
"자기주도학습을 위해 가꾸어야할 마음밭, 공부정서(3)",경기도교육청평생학습관,권선구,학부모,학습/진로,lib.goe.go.kr/gglec
[자격증 취득과정] 독서지도사(2),경기도교육청평생학습관,권선구,학부모,기타,lib.goe.go.kr/gglec
[미래클러닝] 솔쌤의 문해력교실(3),경기도교육청평생학습관,권선구,초등학교 3+4학년,기타,lib.goe.go.kr/gglec
AI를 활용한 나만의 웹툰 만들기,경기도교육청평생학습관,권선구,학부모,"AI/코딩,예술/문화",lib.goe.go.kr/gglec
"중학교 함수, 이렇게 공부해야 합니다",경기도교육청평생학습관,권선구,청소년+중등 학부모,학습/진로,lib.goe.go.kr/gglec
"관계적 돌봄, 함께 성장하기",경기도교육청평생학습관,권선구,발달장애 자녀 부모,기타,lib.goe.go.kr/gglec
편한드로잉 오일파스텔 기초(4),경기도교육청평생학습관,권선구,학부모,예술/문화,lib.goe.go.kr/gglec
생활기록부와 수행평가,경기도교육청평생학습관,권선구,초중등 학부모,기타,lib.goe.go.kr/gglec
교과서가 쉬워지는 융합독서법(2),경기도교육청평생학습관,권선구,초등 학부모,기타,lib.goe.go.kr/gglec
우리 집이 최고의 학습 코칭 센터(3),경기도교육청평생학습관,권선구,학부모,학습/진로,lib.goe.go.kr/gglec
"[미래클러닝] 인생은 게임이고, 연애다(3)",경기도교육청평생학습관,권선구,중고등학생+청소년,기타,lib.goe.go.kr/gglec
[별중별 시리즈] 5월 역사특강: 스몰토크로생각하기 한국사,경기도교육청평생학습관,권선구,청소년+학부모,기타,lib.goe.go.kr/gglec
[자격증 취득과정] 방과후지도사(6),경기도교육청평생학습관,권선구,학부모,기타,lib.goe.go.kr/gglec
심리전문가와 함께하는 슬기로운 부부가족생활(2),경기도교육청평생학습관,권선구,학부모,기타,lib.goe.go.kr/gglec
어른이 처음이라서 그래(2),경기도교육청평생학습관,권선구,학부모,기타,lib.goe.go.kr/gglec
[미래로그유초둥] 부모의 말이 우리 아이의 미래다,경기도교육청평생학습관,권선구,유초등 학부모,기타,lib.goe.go.kr/gglec
[미래로그중등] 청소년기 성장 마인드셋이 미래를 이끈다,경기도교육청평생학습관,권선구,중등 학부모,기타,lib.goe.go.kr/gglec
내가 쓴 글이 나를 위로한다(2),경기도교육청평생학습관,권선구,초등학교 3+4학년,기타,lib.goe.go.kr/gglec
[미래로그유초등] 아이의 감정과 관계 이해,경기도교육청평생학습관,권선구,유초등 학부모,기타,lib.goe.go.kr/gglec
가정에서 쉽게 실천할 수 있는 자녀 경제교육(2),경기도교육청평생학습관,권선구,학부모,기타,lib.goe.go.kr/gglec
미술로 다시 만나는 나의 아이,경기도교육청평생학습관,권선구,학부모,예술/문화,lib.goe.go.kr/gglec
우리 집이 최고의 학습 코칭 센터(5),경기도교육청평생학습관,권선구,학부모,학습/진로,lib.goe.go.kr/gglec
생명이야기로 행복해지는 나와 내자녀의 몸과 마음(1),경기도교육청평생학습관,권선구,학부모,기타,lib.goe.go.kr/gglec
[미래로그중등] 나는 충분히 괜찮은 엄마입니다,경기도교육청평생학습관,권선구,중등 학부모,기타,lib.goe.go.kr/gglec
자폐성 장애아이의 무발화에서 한글을 깨우치기까지(5),경기도교육청평생학습관,권선구,학부모,기타,lib.goe.go.kr/gglec
화학으로 이해하는 우리 아이 성장기,경기도교육청평생학습관,권선구,학부모,기타,lib.goe.go.kr/gglec
발달장애 자녀의 발달과 자립을 위한 부모의 역할(3),경기도교육청평생학습관,권선구,학부모,기타,lib.goe.go.kr/gglec
[자격증 취득과정] 독서지도사(4),경기도교육청평생학습관,권선구,학부모,기타,lib.goe.go.kr/gglec
[미래클러닝] 청소년 감정코칭 <마음을 보다>(3),경기도교육청평생학습관,권선구,중고등학생+청소년,기타,lib.goe.go.kr/gglec
어른이 처음이라서 그래(1),경기도교육청평생학습관,권선구,학부모,기타,lib.goe.go.kr/gglec
[미래로그유초등] 학부모의 역할 - 부모로서의 시선 정리,경기도교육청평생학습관,권선구,유초등 학부모,기타,lib.goe.go.kr/gglec
치유와 성장의 글쓰기(2),경기도교육청평생학습관,권선구,학부모,기타,lib.goe.go.kr/gglec
"[미래클러닝] 인생은 게임이고, 연애다(3)",경기도교육청평생학습관,권선구,중고등학생+청소년,기타,lib.goe.go.kr/gglec
나의 기질을 알고 자녀 이해하기,경기도교육청평생학습관,권선구,학부모,기타,lib.goe.go.kr/gglec
"자녀와의 대화법, 챗지피티 활용(2)",경기도교육청평생학습관,권선구,학부모,기타,lib.goe.go.kr/gglec
"엄마, 새로운 꿈이 시작되는 이름",경기도교육청평생학습관,권선구,학부모,기타,lib.goe.go.kr/gglec
[별중별 시리즈] 6월 역사특강: 스몰토크로 생각하기(세계사),경기도교육청평생학습관,권선구,학부모,기타,lib.goe.go.kr/gglec
[미래동행] 자녀와의 의사소통 및 대화기술(양주회암초),경기도교육청평생학습관,권선구,학부모,기타,lib.goe.go.kr/gglec
생활 속 유해화학물질로부터 가족 건강 지키기(1),경기도교육청평생학습관,권선구,학부모,기타,lib.goe.go.kr/gglec
"[미래로그중등] 진로적성, 탐색의 실전가이드",경기도교육청평생학습관,권선구,중등 학부모,학습/진로,lib.goe.go.kr/gglec
변호사와 알아보는 학교폭력 예방 및 대처법(1),경기도교육청평생학습관,권선구,학부모,기타,lib.goe.go.kr/gglec
[미래로그유초등] 자기주도학습- 공부습관만들기,경기도교육청평생학습관,권선구,유초등 학부모,학습/진로,lib.goe.go.kr/gglec
생명이야기로 행복해지는 나와 내자녀의 몸과 마음(2),경기도교육청평생학습관,권선구,학부모,기타,lib.goe.go.kr/gglec
치료에 대한 진솔한 이야기,경기도교육청평생학습관,권선구,학부모,기타,lib.goe.go.kr/gglec
[미래로그중등] 생기부 제대로 보기,경기도교육청평생학습관,권선구,중등 학부모,기타,lib.goe.go.kr/gglec
장애자녀와 함께 긍정교육실천으로 성장해가는 가족(3),경기도교육청평생학습관,권선구,학부모,기타,lib.goe.go.kr/gglec
"초등 고학년, 글쓰기가 답이다(4)",경기도교육청평생학습관,권선구,학부모,기타,lib.goe.go.kr/gglec
[자격증 취득과정] 독서지도사(5),경기도교육청평생학습관,권선구,학부모,기타,lib.goe.go.kr/gglec
[미래로그유초등] 흔들리지 않는 공부 정서,경기도교육청평생학습관,권선구,유초등 학부모,학습/진로,lib.goe.go.kr/gglec
변호사와 알아보는 성폭력 예방교육(1),경기도교육청평생학습관,권선구,학부모,기타,lib.goe.go.kr/gglec
[자격증 취득과정] 방과후지도사(2기)(1),경기도교육청평생학습관,권선구,학부모,기타,lib.goe.go.kr/gglec
생활 속 유해화학물질로부터 가족 건강 지키기(2),경기도교육청평생학습관,권선구,학부모,기타,lib.goe.go.kr/gglec
사진으로 배우는 세상,경기도교육청평생학습관,권선구,학부모,기타,lib.goe.go.kr/gglec
[미래동행] 자녀의 인성을 키우는 5가지 습관,경기도교육청평생학습관,권선구,학부모,기타,lib.goe.go.kr/gglec
원하는 배움이 多되는 경기공유학교(2),경기도교육청평생학습관,권선구,학부모,기타,lib.goe.go.kr/gglec
생명이야기로 행복해지는 나와 내자녀의 몸과 마음(3),경기도교육청평생학습관,권선구,학부모,기타,lib.goe.go.kr/gglec
[미래로그중등] 중고등학생 시험대비 공부 노하우&멘탈 균형 잡기,경기도교육청평생학습관,권선구,중등 학부모,학습/진로,lib.goe.go.kr/gglec
부모와 자녀의 충만한 삶을 위한 수용전념치료(2),경기도교육청평생학습관,권선구,학부모,기타,lib.goe.go.kr/gglec
[미래동행] 자녀를 이해하고 소통하는 감정코칭(광주광남초),경기도교육청평생학습관,권선구,학부모,기타,lib.goe.go.kr/gglec
원하는 배움이 多되는 경기공유학교(1),경기도교육청평생학습관,권선구,학부모,기타,lib.goe.go.kr/gglec
"자기주도학습을 위해 가꾸어야할 마음밭, 공부정서(3)",경기도교육청평생학습관,권선구,학부모,학습/진로,lib.goe.go.kr/gglec
[자격증 취득과정] 독서지도사(6),경기도교육청평생학습관,권선구,학부모,기타,lib.goe.go.kr/gglec
[미래클러닝] 솔쌤의 문해력교실(4),경기도교육청평생학습관,권선구,초등학교 3+4학년,기타,lib.goe.go.kr/gglec
[미래로그유초등] 완벽한 부모는 없다,경기도교육청평생학습관,권선구,학부모,기타,lib.goe.go.kr/gglec
"[디지털시민성] 인공지능 시대, 질문이 필요해(1)",경기도교육청평생학습관,권선구,학부모,"AI/코딩,디지털/영상",lib.goe.go.kr/gglec
(중등) 통합과학 톺아보기,경기도교육청평생학습관,권선구,중등 학부모,기타,lib.goe.go.kr/gglec
"[미래클러닝] 인생은 게임이고, 연애다(5)",경기도교육청평생학습관,권선구,중고등학생+청소년,기타,lib.goe.go.kr/gglec
[미래동행] 자녀의 인성을 키우는 5가지 습관(수원외고),경기도교육청평생학습관,영통구,학부모,기타,lib.goe.go.kr/gglec
"[미래동행] 왕따, 따돌림을 넘어서(김포라온유치원)",경기도교육청평생학습관,권선구,학부모,기타,lib.goe.go.kr/gglec
(초등) 통합과학 톺아보기,경기도교육청평생학습관,권선구,초등 학부모,기타,lib.goe.go.kr/gglec
[자격증 취득과정] 방과후지도사(2기)(2),경기도교육청평생학습관,권선구,학부모,기타,lib.goe.go.kr/gglec
"사교육보다 먼저, 부모가 알면 좋은 초등 영어의 진짜 출발선(1)",경기도교육청평생학습관,권선구,학부모,학습/진로,lib.goe.go.kr/gglec
[미래동행] 감정코치의효과 뇌 과학적 이해와 대화 필요(고양저현고),경기도교육청평생학습관,권선구,학부모,기타,lib.goe.go.kr/gglec
생명이야기로 행복해지는 나와 내자녀의 몸과 마음(4),경기도교육청평생학습관,권선구,학부모,기타,lib.goe.go.kr/gglec
변호사와 알아보는 학교폭력 예방 및 대처법(2),경기도교육청평생학습관,권선구,학부모,기타,lib.goe.go.kr/gglec
"우리 아이 사회성, 어떻게 도와 줄까?",경기도교육청평생학습관,권선구,학부모,기타,lib.goe.go.kr/gglec
변호사와 알아보는 성폭력 예방교육(2),경기도교육청평생학습관,권선구,학부모,기타,lib.goe.go.kr/gglec
[자격증 취득과정] 방과후지도사(2기)(3),경기도교육청평생학습관,권선구,학부모,기타,lib.goe.go.kr/gglec
내가 쓴 글이 나를 위로한다(3),경기도교육청평생학습관,권선구,초등학교 3+4학년,기타,lib.goe.go.kr/gglec
"사교육보다 먼저, 부모가 알면 좋은 초등 영어의 진짜 출발선(2)",경기도교육청평생학습관,권선구,학부모,학습/진로,lib.goe.go.kr/gglec
[자격증 취득과정] 디지털중독예방지도사(1),경기도교육청평생학습관,권선구,학부모,디지털/영상,lib.goe.go.kr/gglec
생명이야기로 행복해지는 나와 내자녀의 몸과 마음(5),경기도교육청평생학습관,권선구,학부모,기타,lib.goe.go.kr/gglec
중등부터 시작하는 수능1등급 독서법(2),경기도교육청평생학습관,권선구,중등 학부모,기타,lib.goe.go.kr/gglec
"[디지털시민성] 인공지능 시대, 질문이 필요해(2)",경기도교육청평생학습관,권선구,학부모,"AI/코딩,디지털/영상",lib.goe.go.kr/gglec
그림책으로 나누는 육아 정서(2),경기도교육청평생학습관,권선구,학부모,기타,lib.goe.go.kr/gglec
[미래클러닝] 청소년 감정코칭 <마음을 보다>(4),경기도교육청평생학습관,권선구,중고등학생+청소년,기타,lib.goe.go.kr/gglec
중등부터 시작하는 수능1등급 독서법(1),경기도교육청평생학습관,권선구,중등 학부모,기타,lib.goe.go.kr/gglec
초보도 쉽게 배우는 AI 실습(1),경기도교육청평생학습관,권선구,학부모,AI/코딩,lib.goe.go.kr/gglec
과학고수가 되는 과학 공부 접근법,경기도교육청평생학습관,권선구,학부모와 자녀,학습/진로,lib.goe.go.kr/gglec
[자격증 취득과정] 방과후지도사(2기)(4),경기도교육청평생학습관,권선구,학부모,기타,lib.goe.go.kr/gglec
[자격증 취득과정] 디지털중독예방지도사(2),경기도교육청평생학습관,권선구,학부모,디지털/영상,lib.goe.go.kr/gglec
가정에서 쉽게 실천할 수 있는 자녀 경제교육(4),경기도교육청평생학습관,권선구,학부모,기타,lib.goe.go.kr/gglec
발달장애 자녀를 양육하는 부모교육 및 양육코칭,경기도교육청평생학습관,권선구,발달장애자녀 부모,기타,lib.goe.go.kr/gglec
장애자녀와 함께 긍정교육실천으로 성장해가는 가족(4),경기도교육청평생학습관,권선구,학부모,기타,lib.goe.go.kr/gglec
"초등 고학년, 글쓰기가 답이다(5)",경기도교육청평생학습관,권선구,학부모,기타,lib.goe.go.kr/gglec
[미래클러닝] 청소년 감정코칭 <마음을 보다>(5),경기도교육청평생학습관,권선구,중고등학생+청소년,기타,lib.goe.go.kr/gglec
양육 스트레스에 대한 이해와 부모의 마음 돌봄,경기도교육청평생학습관,권선구,학부모,기타,lib.goe.go.kr/gglec
[여름방학 미래클러닝] 신나는 영어동요 부르기(1),경기도교육청평생학습관,권선구,초등학교 1+2학년,학습/진로,lib.goe.go.kr/gglec
노션(Notion)으로 시작하는 디지털 기록(1),경기도교육청평생학습관,권선구,학부모,디지털/영상,lib.goe.go.kr/gglec
[자격증 취득과정] 디지털중독예방지도사(4),경기도교육청평생학습관,권선구,학부모,디지털/영상,lib.goe.go.kr/gglec
[여름방학 미래클러닝] 어린이 인성교육 나침반(1),경기도교육청평생학습관,권선구,초등학교 1+2학년,기타,lib.goe.go.kr/gglec
중등 학부모를 위한 가정에서 쉽게 따라 하는 챗지피티 활용 실습(2),경기도교육청평생학습관,권선구,학부모,기타,lib.goe.go.kr/gglec
[여름방학 미래클러닝] 그림책 문해력 놀이터(1),경기도교육청평생학습관,권선구,초등학교 1+2학년,기타,lib.goe.go.kr/gglec
초등 학부모를 위한 AI 활용 능력 강화 연수(2),경기도교육청평생학습관,권선구,초등 학부모,AI/코딩,lib.goe.go.kr/gglec
초보도 쉽게 배우는 AI 실습(2),경기도교육청평생학습관,권선구,학부모,AI/코딩,lib.goe.go.kr/gglec
초등 학부모를 위한 AI 활용 능력 강화 연수(1),경기도교육청평생학습관,권선구,초등 학부모,AI/코딩,lib.goe.go.kr/gglec
[자격증 취득과정] 방과후지도사(2기)(5),경기도교육청평생학습관,권선구,학부모,기타,lib.goe.go.kr/gglec
[자격증 취득과정] 디지털중독예방지도사(3),경기도교육청평생학습관,권선구,학부모,디지털/영상,lib.goe.go.kr/gglec
[썸머 미래클러닝] (중등) 의대생이 알려주는 중고등 공부 노하우,경기도교육청평생학습관,권선구,학생+학부모,학습/진로,lib.goe.go.kr/gglec
[썸머 미래클러닝] (초등) 의대생이 알려주는 흔들리지 않는 공부정서,경기도교육청평생학습관,권선구,학생+학부모,학습/진로,lib.goe.go.kr/gglec
부모와 자녀의 충만한 삶을 위한 수용전념치료(3),경기도교육청평생학습관,권선구,학부모,기타,lib.goe.go.kr/gglec
중등 학부모를 위한 가정에서 쉽게 따라 하는 챗지피티 활용 실습(1),경기도교육청평생학습관,권선구,학부모,기타,lib.goe.go.kr/gglec
"자기주도학습을 위해 가꾸어야할 마음밭, 공부정서(5)",경기도교육청평생학습관,권선구,학부모,학습/진로,lib.goe.go.kr/gglec
[미래클러닝] 솔쌤의 문해력교실(5),경기도교육청평생학습관,권선구,초등학교 3+4학년,기타,lib.goe.go.kr/gglec
"건강한 식생활, 아이의 미래를 바꾸다(1)",경기도교육청평생학습관,권선구,학부모,기타,lib.goe.go.kr/gglec
그림책과 젠탱글테라피,경기도교육청평생학습관,권선구,학부모,기타,lib.goe.go.kr/gglec
성공적인 초등생활을 이끄는 사회정서학습 로드맵,경기도교육청평생학습관,권선구,초등학부모,학습/진로,lib.goe.go.kr/gglec
입학첫걸음: 글로벌가정 학부모가 알아야 할 것,경기도교육청평생학습관,권선구,다문화가정부모,기타,lib.goe.go.kr/gglec
[자격증 취득과정] 진로적성상담사(3),경기도교육청평생학습관,권선구,학부모,학습/진로,lib.goe.go.kr/gglec
부모도 성장하는 AI 교육혁명: 2025 미래인재 키우기(3),경기도교육청평생학습관,권선구,학부모,AI/코딩,lib.goe.go.kr/gglec
우리 아이 타고난 뇌를 바꾸는 마법: 습관형성,경기도교육청평생학습관,권선구,유초등 학부모,기타,lib.goe.go.kr/gglec
일상에 감성을 더하는 친환경 라탄 소품 만들기(3),경기도교육청평생학습관,권선구,학부모,기타,lib.goe.go.kr/gglec
부모도 성장하는 AI 교육혁명: 2025 미래인재 키우기(2),경기도교육청평생학습관,권선구,학부모,AI/코딩,lib.goe.go.kr/gglec
(앵콜)사춘기 아이와 친해질 수 있는 자기주도학습 비법,경기도교육청평생학습관,권선구,학부모,학습/진로,lib.goe.go.kr/gglec
(본강)사춘기 아이와 친해질 수 있는 자기주도학습 비법,경기도교육청평생학습관,권선구,학부모,학습/진로,lib.goe.go.kr/gglec
부모도 성장하는 AI 교육혁명: 2025 미래인재 키우기(1),경기도교육청평생학습관,권선구,학부모,AI/코딩,lib.goe.go.kr/gglec
아이의 성장을 위한 파트너십: 학부모-교사 소통의 기술,경기도교육청평생학습관,권선구,초등학부모,기타,lib.goe.go.kr/gglec
[자격증 취득과정] 진로적성상담사(2),경기도교육청평생학습관,권선구,학부모,학습/진로,lib.goe.go.kr/gglec
꿈을 향한 길 맞춤형 대입설명회,경기도교육청평생학습관,권선구,학교 밖 청소년 부모,기타,lib.goe.go.kr/gglec
중등 문해력의 비밀(2),경기도교육청평생학습관,권선구,청소년+학부모,기타,lib.goe.go.kr/gglec
내 마음을 치유하는 명화 감상 수업(2),경기도교육청평생학습관,권선구,학부모,기타,lib.goe.go.kr/gglec
일상에 감성을 더하는 친환경 라탄 소품 만들기(2),경기도교육청평생학습관,권선구,학부모,기타,lib.goe.go.kr/gglec
3월특강 교육트렌드 2025 알아보기,경기도교육청평생학습관,권선구,학부모,기타,lib.goe.go.kr/gglec
긍정적 학교 참여,경기도교육청평생학습관,권선구,초등학부모,기타,lib.goe.go.kr/gglec
[자격증 취득과정] 진로적성상담사,경기도교육청평생학습관,권선구,학부모,학습/진로,lib.goe.go.kr/gglec
중등 문해력의 비밀,경기도교육청평생학습관,권선구,청소년+학부모,기타,lib.goe.go.kr/gglec
내 마음을 치유하는 명화 감상 수업,경기도교육청평생학습관,권선구,학부모,기타,lib.goe.go.kr/gglec
일상에 감성을 더하는 친환경 라탄 소품 만들기,경기도교육청평생학습관,권선구,학부모,기타,lib.goe.go.kr/gglec
자녀를 지키는 쓸모있는 화학이야기,경기도교육청평생학습관,권선구,학부모,기타,lib.goe.go.kr/gglec
[자격증 취득과정] 진로적성상담사(5),경기도교육청평생학습관,권선구,학부모,학습/진로,lib.goe.go.kr/gglec
학부모를 위한 국제 바칼로레아(IB) 프로그램의 이해,경기도교육청평생학습관,권선구,초중생 학부모,기타,lib.goe.go.kr/gglec
자녀를 위해 부모가 이해해야 할 학부모의 역할,경기도교육청평생학습관,권선구,초등 학부모,기타,lib.goe.go.kr/gglec
자기주도학습 학부모 특강(중등),경기도교육청평생학습관,권선구,청소년+학부모,학습/진로,lib.goe.go.kr/gglec
말랑말랑 특수교육 스토리(2),경기도교육청평생학습관,권선구,특수교육대상학생 부모님,기타,lib.goe.go.kr/gglec
자기주도학습 학부모 특강(초등),경기도교육청평생학습관,권선구,초등 학부모,학습/진로,lib.goe.go.kr/gglec
자녀교육 뒤집기(2),경기도교육청평생학습관,권선구,학부모,기타,lib.goe.go.kr/gglec
"자기주도학습을 위해 가꾸어야할 마음밭, 공부정서(1)",경기도교육청평생학습관,권선구,학부모,학습/진로,lib.goe.go.kr/gglec
[아버지대상] 자녀와 친해지는 방법,경기도교육청평생학습관,권선구,초등학생 아버지+중학생 아버지,기타,lib.goe.go.kr/gglec
[자격증 취득과정] 진로적성상담사(4),경기도교육청평생학습관,권선구,학부모,학습/진로,lib.goe.go.kr/gglec
[미래클러닝] 솔쌤의 문해력교실(1),경기도교육청평생학습관,권선구,초등학교 3+4학년,기타,lib.goe.go.kr/gglec
[별중별 시리즈] 3월 역사특강: 역사 왜 배우는 거죠,경기도교육청평생학습관,권선구,청소년+학부모,기타,lib.goe.go.kr/gglec
일상에 감성을 더하는 친환경 라탄 소품 만들기(4),경기도교육청평생학습관,권선구,학부모,기타,lib.goe.go.kr/gglec
"[미래클러닝] 인생은 게임이고, 연애다(1)",경기도교육청평생학습관,권선구,중고등학생+청소년,기타,lib.goe.go.kr/gglec
말랑말랑 특수교육 스토리(1),경기도교육청평생학습관,권선구,특수교육대상학생 부모님,기타,lib.goe.go.kr/gglec
자녀와의 의사소통법(유초등),경기도교육청평생학습관,권선구,유초등 학부모,기타,lib.goe.go.kr/gglec
자녀교육 뒤집기(1),경기도교육청평생학습관,권선구,학부모,기타,lib.goe.go.kr/gglec
부모도 성장하는 AI 교육혁명: 2025 미래인재 키우기(4),경기도교육청평생학습관,권선구,학부모,AI/코딩,lib.goe.go.kr/gglec
"초등 고학년, 글쓰기가 답이다(1)",경기도교육청평생학습관,권선구,학부모,기타,lib.goe.go.kr/gglec
내가 쓴 글이 나를 위로한다(1),경기도교육청평생학습관,권선구,학부모,기타,lib.goe.go.kr/gglec
발달장애 자녀의 발달과 자립을 위한 부모의 역할(1),경기도교육청평생학습관,권선구,학부모,기타,lib.goe.go.kr/gglec
[자격증 취득과정] 진로적성상담사(6),경기도교육청평생학습관,권선구,학부모,학습/진로,lib.goe.go.kr/gglec
치유와 성장의 글쓰기(1),경기도교육청평생학습관,권선구,학부모,기타,lib.goe.go.kr/gglec
[미래클러닝] 청소년 감정코칭 <마음을 보다>(1),경기도교육청평생학습관,권선구,중고등학생+청소년,기타,lib.goe.go.kr/gglec
학부모가 알아야 할 초등 문해력 키우는 법(1),경기도교육청평생학습관,권선구,유초등 학부모,기타,lib.goe.go.kr/gglec
정서지능이 높은 아이가 성공한다,경기도교육청평생학습관,권선구,유초중학생 학부모,기타,lib.goe.go.kr/gglec
초등 한자 읽기의 힘(2),경기도교육청평생학습관,권선구,초등학생+학부모,기타,lib.goe.go.kr/gglec
자녀와의 의사소통법(중고등),경기도교육청평생학습관,권선구,중고등 학부모,기타,lib.goe.go.kr/gglec
초등 한자 읽기의 힘(1),경기도교육청평생학습관,권선구,초등학생+학부모,기타,lib.goe.go.kr/gglec
[별중별 시리즈] 4월 특강: 진짜공부 vs 가짜공부,경기도교육청평생학습관,권선구,학부모,학습/진로,lib.goe.go.kr/gglec
"글로벌시대, 글로벌 부모로서 성장하기",경기도교육청평생학습관,권선구,글로벌가정 부모,기타,lib.goe.go.kr/gglec
옛 숨결이 담긴 민화그리기 기초(1),경기도교육청평생학습관,권선구,학부모,기타,lib.goe.go.kr/gglec
"[미래클러닝] 인생은 게임이고, 연애다(2)",경기도교육청평생학습관,권선구,중고등학생+청소년,기타,lib.goe.go.kr/gglec
[자격증 취득과정] 방과후지도사(2),경기도교육청평생학습관,권선구,학부모,기타,lib.goe.go.kr/gglec
발달장애자녀의 건강한 양육을 위한 부모교육(1),경기도교육청평생학습관,권선구,특수교육대상학생 부모님,기타,lib.goe.go.kr/gglec
가정에서 쉽게 실천할 수 있는 자녀 경제교육(1),경기도교육청평생학습관,권선구,학부모,기타,lib.goe.go.kr/gglec
수학 1등급 로드맵(2),경기도교육청평생학습관,권선구,학부모,학습/진로,lib.goe.go.kr/gglec
옛 숨결이 담긴 민화그리기 기초(3),경기도교육청평생학습관,권선구,학부모,기타,lib.goe.go.kr/gglec
발달장애자녀의 성인기 준비하기,경기도교육청평생학습관,권선구,발달장애자녀 부모,기타,lib.goe.go.kr/gglec
자폐성 장애아이의 무발화에서 한글을 깨우치기까지(1),경기도교육청평생학습관,권선구,학부모,기타,lib.goe.go.kr/gglec
"초등 고학년, 글쓰기가 답이다(2)",경기도교육청평생학습관,권선구,학부모,기타,lib.goe.go.kr/gglec
소통의 품격을 높이는 학부모 스피치 스킬업(3),경기도교육청평생학습관,권선구,학부모,기타,lib.goe.go.kr/gglec
소통의 품격을 높이는 학부모 스피치 스킬업(2),경기도교육청평생학습관,권선구,학부모,기타,lib.goe.go.kr/gglec
말하는 독서 하브루타,경기도교육청평생학습관,권선구,학부모,기타,lib.goe.go.kr/gglec
"불안이 많은 아이 , 어떻게 도와 줄까?",경기도교육청평생학습관,권선구,유초등 학부모,기타,lib.goe.go.kr/gglec
[자격증 취득과정] 방과후지도사(1),경기도교육청평생학습관,권선구,학부모,기타,lib.goe.go.kr/gglec
소통의 품격을 높이는 학부모 스피치 스킬업(1),경기도교육청평생학습관,권선구,학부모,기타,lib.goe.go.kr/gglec
글로벌가정을 위한 학교폭력 예방교육,경기도교육청평생학습관,권선구,글로벌가정 부모,기타,lib.goe.go.kr/gglec
수학 1등급 로드맵(1),경기도교육청평생학습관,권선구,학부모,학습/진로,lib.goe.go.kr/gglec
글로벌가정-초등학교생활 길라잡이,경기도교육청평생학습관,권선구,글로벌가정 부모,기타,lib.goe.go.kr/gglec
옛 숨결이 담긴 민화그리기 기초(2),경기도교육청평생학습관,권선구,학부모,기타,lib.goe.go.kr/gglec
발달장애 자녀의 발달과 자립을 위한 부모의 역할(2),경기도교육청평생학습관,권선구,학부모,기타,lib.goe.go.kr/gglec
긍정적인 학교생활을 촉진하는 부모의 긍정훈육,경기도교육청평생학습관,권선구,초중생 학부모,기타,lib.goe.go.kr/gglec
편한드로잉 오일파스텔 기초(1),경기도교육청평생학습관,권선구,학부모,예술/문화,lib.goe.go.kr/gglec
"건강한 동행, 장애자녀와 함께 성장하기(3)",경기도교육청평생학습관,권선구,학부모,기타,lib.goe.go.kr/gglec
"건강한 동행, 장애자녀와 함께 성장하기(2)",경기도교육청평생학습관,권선구,학부모,기타,lib.goe.go.kr/gglec
그림책으로 나누는 육아 정서(1),경기도교육청평생학습관,권선구,학부모,기타,lib.goe.go.kr/gglec
"[별중별 시리즈] 4월 역사특강: 역사공부도 글씨, 맞춤법, 문해력에 대한 대비가 중요합니다",경기도교육청평생학습관,권선구,청소년+학부모,학습/진로,lib.goe.go.kr/gglec
발달장애자녀의 건강한 양육을 위한 부모교육(2),경기도교육청평생학습관,권선구,특수교육대상학생 부모님,기타,lib.goe.go.kr/gglec
[자격증 취득과정] 방과후지도사(3),경기도교육청평생학습관,권선구,학부모,기타,lib.goe.go.kr/gglec
수학 1등급 로드맵(3),경기도교육청평생학습관,권선구,학부모,학습/진로,lib.goe.go.kr/gglec
옛 숨결이 담긴 민화그리기 기초(4),경기도교육청평생학습관,권선구,학부모,기타,lib.goe.go.kr/gglec
"자녀와의 대화법, 챗지피티 활용(1)",경기도교육청평생학습관,권선구,학부모,기타,lib.goe.go.kr/gglec
부모와 자녀의 충만한 삶을 위한 수용전념치료(1),경기도교육청평생학습관,권선구,학부모,기타,lib.goe.go.kr/gglec
자폐성 장애아이의 무발화에서 한글을 깨우치기까지(2),경기도교육청평생학습관,권선구,학부모,기타,lib.goe.go.kr/gglec
"자기주도학습을 위해 가꾸어야할 마음밭, 공부정서(2)",경기도교육청평생학습관,권선구,학부모,학습/진로,lib.goe.go.kr/gglec
장애자녀와 함께 긍정교육실천으로 성장해가는 가족(1),경기도교육청평생학습관,권선구,학부모,기타,lib.goe.go.kr/gglec
[미래클러닝] 솔쌤의 문해력교실(2),경기도교육청평생학습관,권선구,초등학교 3+4학년,기타,lib.goe.go.kr/gglec
"건강한 동행, 장애자녀와 함께 성장하기(1)",경기도교육청평생학습관,권선구,학부모,기타,lib.goe.go.kr/gglec
아이의 행동이 저절로 바뀌는 뇌과학 훈육법,경기도교육청평생학습관,권선구,유초등 학부모,기타,lib.goe.go.kr/gglec
한글 소망반-1단계(기초),수원도시공사,장안구,만65세 이상,기타,https://www.suwonudc.co.kr/jacc
한글 지혜반-3단계(심화),수원도시공사,장안구,만65세 이상,기타,https://www.suwonudc.co.kr/jacc
한글 배움반-2단계(중급),수원도시공사,장안구,만65세 이상,기타,https://www.suwonudc.co.kr/jacc
